zip_member,label,source_label,filename,dataset
datasets/lung_cancer/Bengin cases/Bengin case (1).jpg,Benign,Bengin cases,Bengin case (1).jpg,LungCancerAI
datasets/lung_cancer/Bengin cases/Bengin case (10).jpg,Benign,Bengin cases,Bengin case (10).jpg,LungCancerAI
datasets/lung_cancer/Bengin cases/Bengin case (100).jpg,Benign,Bengin cases,Bengin case (100).jpg,LungCancerAI
datasets/lung_cancer/Bengin cases/Bengin case (101).jpg,Benign,Bengin cases,Bengin case (101).jpg,LungCancerAI
datasets/lung_cancer/Bengin cases/Bengin case (102).jpg,Benign,Bengin cases,Bengin case (102).jpg,LungCancerAI
datasets/lung_cancer/Bengin cases/Bengin case (103).jpg,Benign,Bengin cases,Bengin case (103).jpg,LungCancerAI
datasets/lung_cancer/Bengin cases/Bengin case (104).jpg,Benign,Bengin cases,Bengin case (104).jpg,LungCancerAI
datasets/lung_cancer/Bengin cases/Bengin case (105).jpg,Benign,Bengin cases,Bengin case (105).jpg,LungCancerAI
datasets/lung_cancer/Bengin cases/Bengin case (106).jpg,Benign,Bengin cases,Bengin case (106).jpg,LungCancerAI
datasets/lung_cancer/Bengin cases/Bengin case (107).jpg,Benign,Bengin cases,Bengin case (107).jpg,LungCancerAI
datasets/lung_cancer/Bengin cases/Bengin case (108).jpg,Benign,Bengin cases,Bengin case (108).jpg,LungCancerAI
datasets/lung_cancer/Bengin cases/Bengin case (109).jpg,Benign,Bengin cases,Bengin case (109).jpg,LungCancerAI
datasets/lung_cancer/Bengin cases/Bengin case (11).jpg,Benign,Bengin cases,Bengin case (11).jpg,LungCancerAI
datasets/lung_cancer/Bengin cases/Bengin case (110).jpg,Benign,Bengin cases,Bengin case (110).jpg,LungCancerAI
datasets/lung_cancer/Bengin cases/Bengin case (111).jpg,Benign,Bengin cases,Bengin case (111).jpg,LungCancerAI
datasets/lung_cancer/Bengin cases/Bengin case (112).jpg,Benign,Bengin cases,Bengin case (112).jpg,LungCancerAI
datasets/lung_cancer/Bengin cases/Bengin case (113).jpg,Benign,Bengin cases,Bengin case (113).jpg,LungCancerAI
datasets/lung_cancer/Bengin cases/Bengin case (114).jpg,Benign,Bengin cases,Bengin case (114).jpg,LungCancerAI
datasets/lung_cancer/Bengin cases/Bengin case (115).jpg,Benign,Bengin cases,Bengin case (115).jpg,LungCancerAI
datasets/lung_cancer/Bengin cases/Bengin case (116).jpg,Benign,Bengin cases,Bengin case (116).jpg,LungCancerAI
datasets/lung_cancer/Bengin cases/Bengin case (117).jpg,Benign,Bengin cases,Bengin case (117).jpg,LungCancerAI
datasets/lung_cancer/Bengin cases/Bengin case (118).jpg,Benign,Bengin cases,Bengin case (118).jpg,LungCancerAI
datasets/lung_cancer/Bengin cases/Bengin case (119).jpg,Benign,Bengin cases,Bengin case (119).jpg,LungCancerAI
datasets/lung_cancer/Bengin cases/Bengin case (12).jpg,Benign,Bengin cases,Bengin case (12).jpg,LungCancerAI
datasets/lung_cancer/Bengin cases/Bengin case (120).jpg,Benign,Bengin cases,Bengin case (120).jpg,LungCancerAI
datasets/lung_cancer/Bengin cases/Bengin case (13).jpg,Benign,Bengin cases,Bengin case (13).jpg,LungCancerAI
datasets/lung_cancer/Bengin cases/Bengin case (14).jpg,Benign,Bengin cases,Bengin case (14).jpg,LungCancerAI
datasets/lung_cancer/Bengin cases/Bengin case (15).jpg,Benign,Bengin cases,Bengin case (15).jpg,LungCancerAI
datasets/lung_cancer/Bengin cases/Bengin case (16).jpg,Benign,Bengin cases,Bengin case (16).jpg,LungCancerAI
datasets/lung_cancer/Bengin cases/Bengin case (17).jpg,Benign,Bengin cases,Bengin case (17).jpg,LungCancerAI
datasets/lung_cancer/Bengin cases/Bengin case (18).jpg,Benign,Bengin cases,Bengin case (18).jpg,LungCancerAI
datasets/lung_cancer/Bengin cases/Bengin case (19).jpg,Benign,Bengin cases,Bengin case (19).jpg,LungCancerAI
datasets/lung_cancer/Bengin cases/Bengin case (2).jpg,Benign,Bengin cases,Bengin case (2).jpg,LungCancerAI
datasets/lung_cancer/Bengin cases/Bengin case (20).jpg,Benign,Bengin cases,Bengin case (20).jpg,LungCancerAI
datasets/lung_cancer/Bengin cases/Bengin case (21).jpg,Benign,Bengin cases,Bengin case (21).jpg,LungCancerAI
datasets/lung_cancer/Bengin cases/Bengin case (22).jpg,Benign,Bengin cases,Bengin case (22).jpg,LungCancerAI
datasets/lung_cancer/Bengin cases/Bengin case (23).jpg,Benign,Bengin cases,Bengin case (23).jpg,LungCancerAI
datasets/lung_cancer/Bengin cases/Bengin case (24).jpg,Benign,Bengin cases,Bengin case (24).jpg,LungCancerAI
datasets/lung_cancer/Bengin cases/Bengin case (25).jpg,Benign,Bengin cases,Bengin case (25).jpg,LungCancerAI
datasets/lung_cancer/Bengin cases/Bengin case (26).jpg,Benign,Bengin cases,Bengin case (26).jpg,LungCancerAI
datasets/lung_cancer/Bengin cases/Bengin case (27).jpg,Benign,Bengin cases,Bengin case (27).jpg,LungCancerAI
datasets/lung_cancer/Bengin cases/Bengin case (28).jpg,Benign,Bengin cases,Bengin case (28).jpg,LungCancerAI
datasets/lung_cancer/Bengin cases/Bengin case (29).jpg,Benign,Bengin cases,Bengin case (29).jpg,LungCancerAI
datasets/lung_cancer/Bengin cases/Bengin case (3).jpg,Benign,Bengin cases,Bengin case (3).jpg,LungCancerAI
datasets/lung_cancer/Bengin cases/Bengin case (30).jpg,Benign,Bengin cases,Bengin case (30).jpg,LungCancerAI
datasets/lung_cancer/Bengin cases/Bengin case (31).jpg,Benign,Bengin cases,Bengin case (31).jpg,LungCancerAI
datasets/lung_cancer/Bengin cases/Bengin case (32).jpg,Benign,Bengin cases,Bengin case (32).jpg,LungCancerAI
datasets/lung_cancer/Bengin cases/Bengin case (33).jpg,Benign,Bengin cases,Bengin case (33).jpg,LungCancerAI
datasets/lung_cancer/Bengin cases/Bengin case (34).jpg,Benign,Bengin cases,Bengin case (34).jpg,LungCancerAI
datasets/lung_cancer/Bengin cases/Bengin case (35).jpg,Benign,Bengin cases,Bengin case (35).jpg,LungCancerAI
datasets/lung_cancer/Bengin cases/Bengin case (36).jpg,Benign,Bengin cases,Bengin case (36).jpg,LungCancerAI
datasets/lung_cancer/Bengin cases/Bengin case (37).jpg,Benign,Bengin cases,Bengin case (37).jpg,LungCancerAI
datasets/lung_cancer/Bengin cases/Bengin case (38).jpg,Benign,Bengin cases,Bengin case (38).jpg,LungCancerAI
datasets/lung_cancer/Bengin cases/Bengin case (39).jpg,Benign,Bengin cases,Bengin case (39).jpg,LungCancerAI
datasets/lung_cancer/Bengin cases/Bengin case (4).jpg,Benign,Bengin cases,Bengin case (4).jpg,LungCancerAI
datasets/lung_cancer/Bengin cases/Bengin case (40).jpg,Benign,Bengin cases,Bengin case (40).jpg,LungCancerAI
datasets/lung_cancer/Bengin cases/Bengin case (41).jpg,Benign,Bengin cases,Bengin case (41).jpg,LungCancerAI
datasets/lung_cancer/Bengin cases/Bengin case (42).jpg,Benign,Bengin cases,Bengin case (42).jpg,LungCancerAI
datasets/lung_cancer/Bengin cases/Bengin case (43).jpg,Benign,Bengin cases,Bengin case (43).jpg,LungCancerAI
datasets/lung_cancer/Bengin cases/Bengin case (44).jpg,Benign,Bengin cases,Bengin case (44).jpg,LungCancerAI
datasets/lung_cancer/Bengin cases/Bengin case (45).jpg,Benign,Bengin cases,Bengin case (45).jpg,LungCancerAI
datasets/lung_cancer/Bengin cases/Bengin case (46).jpg,Benign,Bengin cases,Bengin case (46).jpg,LungCancerAI
datasets/lung_cancer/Bengin cases/Bengin case (47).jpg,Benign,Bengin cases,Bengin case (47).jpg,LungCancerAI
datasets/lung_cancer/Bengin cases/Bengin case (48).jpg,Benign,Bengin cases,Bengin case (48).jpg,LungCancerAI
datasets/lung_cancer/Bengin cases/Bengin case (49).jpg,Benign,Bengin cases,Bengin case (49).jpg,LungCancerAI
datasets/lung_cancer/Bengin cases/Bengin case (5).jpg,Benign,Bengin cases,Bengin case (5).jpg,LungCancerAI
datasets/lung_cancer/Bengin cases/Bengin case (50).jpg,Benign,Bengin cases,Bengin case (50).jpg,LungCancerAI
datasets/lung_cancer/Bengin cases/Bengin case (51).jpg,Benign,Bengin cases,Bengin case (51).jpg,LungCancerAI
datasets/lung_cancer/Bengin cases/Bengin case (52).jpg,Benign,Bengin cases,Bengin case (52).jpg,LungCancerAI
datasets/lung_cancer/Bengin cases/Bengin case (53).jpg,Benign,Bengin cases,Bengin case (53).jpg,LungCancerAI
datasets/lung_cancer/Bengin cases/Bengin case (54).jpg,Benign,Bengin cases,Bengin case (54).jpg,LungCancerAI
datasets/lung_cancer/Bengin cases/Bengin case (55).jpg,Benign,Bengin cases,Bengin case (55).jpg,LungCancerAI
datasets/lung_cancer/Bengin cases/Bengin case (56).jpg,Benign,Bengin cases,Bengin case (56).jpg,LungCancerAI
datasets/lung_cancer/Bengin cases/Bengin case (57).jpg,Benign,Bengin cases,Bengin case (57).jpg,LungCancerAI
datasets/lung_cancer/Bengin cases/Bengin case (58).jpg,Benign,Bengin cases,Bengin case (58).jpg,LungCancerAI
datasets/lung_cancer/Bengin cases/Bengin case (59).jpg,Benign,Bengin cases,Bengin case (59).jpg,LungCancerAI
datasets/lung_cancer/Bengin cases/Bengin case (6).jpg,Benign,Bengin cases,Bengin case (6).jpg,LungCancerAI
datasets/lung_cancer/Bengin cases/Bengin case (60).jpg,Benign,Bengin cases,Bengin case (60).jpg,LungCancerAI
datasets/lung_cancer/Bengin cases/Bengin case (61).jpg,Benign,Bengin cases,Bengin case (61).jpg,LungCancerAI
datasets/lung_cancer/Bengin cases/Bengin case (62).jpg,Benign,Bengin cases,Bengin case (62).jpg,LungCancerAI
datasets/lung_cancer/Bengin cases/Bengin case (63).jpg,Benign,Bengin cases,Bengin case (63).jpg,LungCancerAI
datasets/lung_cancer/Bengin cases/Bengin case (64).jpg,Benign,Bengin cases,Bengin case (64).jpg,LungCancerAI
datasets/lung_cancer/Bengin cases/Bengin case (65).jpg,Benign,Bengin cases,Bengin case (65).jpg,LungCancerAI
datasets/lung_cancer/Bengin cases/Bengin case (66).jpg,Benign,Bengin cases,Bengin case (66).jpg,LungCancerAI
datasets/lung_cancer/Bengin cases/Bengin case (67).jpg,Benign,Bengin cases,Bengin case (67).jpg,LungCancerAI
datasets/lung_cancer/Bengin cases/Bengin case (68).jpg,Benign,Bengin cases,Bengin case (68).jpg,LungCancerAI
datasets/lung_cancer/Bengin cases/Bengin case (69).jpg,Benign,Bengin cases,Bengin case (69).jpg,LungCancerAI
datasets/lung_cancer/Bengin cases/Bengin case (7).jpg,Benign,Bengin cases,Bengin case (7).jpg,LungCancerAI
datasets/lung_cancer/Bengin cases/Bengin case (70).jpg,Benign,Bengin cases,Bengin case (70).jpg,LungCancerAI
datasets/lung_cancer/Bengin cases/Bengin case (71).jpg,Benign,Bengin cases,Bengin case (71).jpg,LungCancerAI
datasets/lung_cancer/Bengin cases/Bengin case (72).jpg,Benign,Bengin cases,Bengin case (72).jpg,LungCancerAI
datasets/lung_cancer/Bengin cases/Bengin case (73).jpg,Benign,Bengin cases,Bengin case (73).jpg,LungCancerAI
datasets/lung_cancer/Bengin cases/Bengin case (74).jpg,Benign,Bengin cases,Bengin case (74).jpg,LungCancerAI
datasets/lung_cancer/Bengin cases/Bengin case (75).jpg,Benign,Bengin cases,Bengin case (75).jpg,LungCancerAI
datasets/lung_cancer/Bengin cases/Bengin case (76).jpg,Benign,Bengin cases,Bengin case (76).jpg,LungCancerAI
datasets/lung_cancer/Bengin cases/Bengin case (77).jpg,Benign,Bengin cases,Bengin case (77).jpg,LungCancerAI
datasets/lung_cancer/Bengin cases/Bengin case (78).jpg,Benign,Bengin cases,Bengin case (78).jpg,LungCancerAI
datasets/lung_cancer/Bengin cases/Bengin case (79).jpg,Benign,Bengin cases,Bengin case (79).jpg,LungCancerAI
datasets/lung_cancer/Bengin cases/Bengin case (8).jpg,Benign,Bengin cases,Bengin case (8).jpg,LungCancerAI
datasets/lung_cancer/Bengin cases/Bengin case (80).jpg,Benign,Bengin cases,Bengin case (80).jpg,LungCancerAI
datasets/lung_cancer/Bengin cases/Bengin case (81).jpg,Benign,Bengin cases,Bengin case (81).jpg,LungCancerAI
datasets/lung_cancer/Bengin cases/Bengin case (82).jpg,Benign,Bengin cases,Bengin case (82).jpg,LungCancerAI
datasets/lung_cancer/Bengin cases/Bengin case (83).jpg,Benign,Bengin cases,Bengin case (83).jpg,LungCancerAI
datasets/lung_cancer/Bengin cases/Bengin case (84).jpg,Benign,Bengin cases,Bengin case (84).jpg,LungCancerAI
datasets/lung_cancer/Bengin cases/Bengin case (85).jpg,Benign,Bengin cases,Bengin case (85).jpg,LungCancerAI
datasets/lung_cancer/Bengin cases/Bengin case (86).jpg,Benign,Bengin cases,Bengin case (86).jpg,LungCancerAI
datasets/lung_cancer/Bengin cases/Bengin case (87).jpg,Benign,Bengin cases,Bengin case (87).jpg,LungCancerAI
datasets/lung_cancer/Bengin cases/Bengin case (88).jpg,Benign,Bengin cases,Bengin case (88).jpg,LungCancerAI
datasets/lung_cancer/Bengin cases/Bengin case (89).jpg,Benign,Bengin cases,Bengin case (89).jpg,LungCancerAI
datasets/lung_cancer/Bengin cases/Bengin case (9).jpg,Benign,Bengin cases,Bengin case (9).jpg,LungCancerAI
datasets/lung_cancer/Bengin cases/Bengin case (90).jpg,Benign,Bengin cases,Bengin case (90).jpg,LungCancerAI
datasets/lung_cancer/Bengin cases/Bengin case (91).jpg,Benign,Bengin cases,Bengin case (91).jpg,LungCancerAI
datasets/lung_cancer/Bengin cases/Bengin case (92).jpg,Benign,Bengin cases,Bengin case (92).jpg,LungCancerAI
datasets/lung_cancer/Bengin cases/Bengin case (93).jpg,Benign,Bengin cases,Bengin case (93).jpg,LungCancerAI
datasets/lung_cancer/Bengin cases/Bengin case (94).jpg,Benign,Bengin cases,Bengin case (94).jpg,LungCancerAI
datasets/lung_cancer/Bengin cases/Bengin case (95).jpg,Benign,Bengin cases,Bengin case (95).jpg,LungCancerAI
datasets/lung_cancer/Bengin cases/Bengin case (96).jpg,Benign,Bengin cases,Bengin case (96).jpg,LungCancerAI
datasets/lung_cancer/Bengin cases/Bengin case (97).jpg,Benign,Bengin cases,Bengin case (97).jpg,LungCancerAI
datasets/lung_cancer/Bengin cases/Bengin case (98).jpg,Benign,Bengin cases,Bengin case (98).jpg,LungCancerAI
datasets/lung_cancer/Bengin cases/Bengin case (99).jpg,Benign,Bengin cases,Bengin case (99).jpg,LungCancerAI
datasets/lung_cancer/Malignant cases/Malignant case (1).jpg,Malignant,Malignant cases,Malignant case (1).jpg,LungCancerAI
datasets/lung_cancer/Malignant cases/Malignant case (10).jpg,Malignant,Malignant cases,Malignant case (10).jpg,LungCancerAI
datasets/lung_cancer/Malignant cases/Malignant case (100).jpg,Malignant,Malignant cases,Malignant case (100).jpg,LungCancerAI
datasets/lung_cancer/Malignant cases/Malignant case (101).jpg,Malignant,Malignant cases,Malignant case (101).jpg,LungCancerAI
datasets/lung_cancer/Malignant cases/Malignant case (102).jpg,Malignant,Malignant cases,Malignant case (102).jpg,LungCancerAI
datasets/lung_cancer/Malignant cases/Malignant case (103).jpg,Malignant,Malignant cases,Malignant case (103).jpg,LungCancerAI
datasets/lung_cancer/Malignant cases/Malignant case (104).jpg,Malignant,Malignant cases,Malignant case (104).jpg,LungCancerAI
datasets/lung_cancer/Malignant cases/Malignant case (105).jpg,Malignant,Malignant cases,Malignant case (105).jpg,LungCancerAI
datasets/lung_cancer/Malignant cases/Malignant case (106).jpg,Malignant,Malignant cases,Malignant case (106).jpg,LungCancerAI
datasets/lung_cancer/Malignant cases/Malignant case (107).jpg,Malignant,Malignant cases,Malignant case (107).jpg,LungCancerAI
datasets/lung_cancer/Malignant cases/Malignant case (108).jpg,Malignant,Malignant cases,Malignant case (108).jpg,LungCancerAI
datasets/lung_cancer/Malignant cases/Malignant case (109).jpg,Malignant,Malignant cases,Malignant case (109).jpg,LungCancerAI
datasets/lung_cancer/Malignant cases/Malignant case (11).jpg,Malignant,Malignant cases,Malignant case (11).jpg,LungCancerAI
datasets/lung_cancer/Malignant cases/Malignant case (110).jpg,Malignant,Malignant cases,Malignant case (110).jpg,LungCancerAI
datasets/lung_cancer/Malignant cases/Malignant case (111).jpg,Malignant,Malignant cases,Malignant case (111).jpg,LungCancerAI
datasets/lung_cancer/Malignant cases/Malignant case (112).jpg,Malignant,Malignant cases,Malignant case (112).jpg,LungCancerAI
datasets/lung_cancer/Malignant cases/Malignant case (113).jpg,Malignant,Malignant cases,Malignant case (113).jpg,LungCancerAI
datasets/lung_cancer/Malignant cases/Malignant case (114).jpg,Malignant,Malignant cases,Malignant case (114).jpg,LungCancerAI
datasets/lung_cancer/Malignant cases/Malignant case (115).jpg,Malignant,Malignant cases,Malignant case (115).jpg,LungCancerAI
datasets/lung_cancer/Malignant cases/Malignant case (116).jpg,Malignant,Malignant cases,Malignant case (116).jpg,LungCancerAI
datasets/lung_cancer/Malignant cases/Malignant case (117).jpg,Malignant,Malignant cases,Malignant case (117).jpg,LungCancerAI
datasets/lung_cancer/Malignant cases/Malignant case (118).jpg,Malignant,Malignant cases,Malignant case (118).jpg,LungCancerAI
datasets/lung_cancer/Malignant cases/Malignant case (119).jpg,Malignant,Malignant cases,Malignant case (119).jpg,LungCancerAI
datasets/lung_cancer/Malignant cases/Malignant case (12).jpg,Malignant,Malignant cases,Malignant case (12).jpg,LungCancerAI
datasets/lung_cancer/Malignant cases/Malignant case (120).jpg,Malignant,Malignant cases,Malignant case (120).jpg,LungCancerAI
datasets/lung_cancer/Malignant cases/Malignant case (121).jpg,Malignant,Malignant cases,Malignant case (121).jpg,LungCancerAI
datasets/lung_cancer/Malignant cases/Malignant case (122).jpg,Malignant,Malignant cases,Malignant case (122).jpg,LungCancerAI
datasets/lung_cancer/Malignant cases/Malignant case (123).jpg,Malignant,Malignant cases,Malignant case (123).jpg,LungCancerAI
datasets/lung_cancer/Malignant cases/Malignant case (124).jpg,Malignant,Malignant cases,Malignant case (124).jpg,LungCancerAI
datasets/lung_cancer/Malignant cases/Malignant case (125).jpg,Malignant,Malignant cases,Malignant case (125).jpg,LungCancerAI
datasets/lung_cancer/Malignant cases/Malignant case (126).jpg,Malignant,Malignant cases,Malignant case (126).jpg,LungCancerAI
datasets/lung_cancer/Malignant cases/Malignant case (127).jpg,Malignant,Malignant cases,Malignant case (127).jpg,LungCancerAI
datasets/lung_cancer/Malignant cases/Malignant case (128).jpg,Malignant,Malignant cases,Malignant case (128).jpg,LungCancerAI
datasets/lung_cancer/Malignant cases/Malignant case (129).jpg,Malignant,Malignant cases,Malignant case (129).jpg,LungCancerAI
datasets/lung_cancer/Malignant cases/Malignant case (13).jpg,Malignant,Malignant cases,Malignant case (13).jpg,LungCancerAI
datasets/lung_cancer/Malignant cases/Malignant case (130).jpg,Malignant,Malignant cases,Malignant case (130).jpg,LungCancerAI
datasets/lung_cancer/Malignant cases/Malignant case (131).jpg,Malignant,Malignant cases,Malignant case (131).jpg,LungCancerAI
datasets/lung_cancer/Malignant cases/Malignant case (132).jpg,Malignant,Malignant cases,Malignant case (132).jpg,LungCancerAI
datasets/lung_cancer/Malignant cases/Malignant case (133).jpg,Malignant,Malignant cases,Malignant case (133).jpg,LungCancerAI
datasets/lung_cancer/Malignant cases/Malignant case (134).jpg,Malignant,Malignant cases,Malignant case (134).jpg,LungCancerAI
datasets/lung_cancer/Malignant cases/Malignant case (135).jpg,Malignant,Malignant cases,Malignant case (135).jpg,LungCancerAI
datasets/lung_cancer/Malignant cases/Malignant case (136).jpg,Malignant,Malignant cases,Malignant case (136).jpg,LungCancerAI
datasets/lung_cancer/Malignant cases/Malignant case (137).jpg,Malignant,Malignant cases,Malignant case (137).jpg,LungCancerAI
datasets/lung_cancer/Malignant cases/Malignant case (138).jpg,Malignant,Malignant cases,Malignant case (138).jpg,LungCancerAI
datasets/lung_cancer/Malignant cases/Malignant case (139).jpg,Malignant,Malignant cases,Malignant case (139).jpg,LungCancerAI
datasets/lung_cancer/Malignant cases/Malignant case (14).jpg,Malignant,Malignant cases,Malignant case (14).jpg,LungCancerAI
datasets/lung_cancer/Malignant cases/Malignant case (140).jpg,Malignant,Malignant cases,Malignant case (140).jpg,LungCancerAI
datasets/lung_cancer/Malignant cases/Malignant case (141).jpg,Malignant,Malignant cases,Malignant case (141).jpg,LungCancerAI
datasets/lung_cancer/Malignant cases/Malignant case (142).jpg,Malignant,Malignant cases,Malignant case (142).jpg,LungCancerAI
datasets/lung_cancer/Malignant cases/Malignant case (143).jpg,Malignant,Malignant cases,Malignant case (143).jpg,LungCancerAI
datasets/lung_cancer/Malignant cases/Malignant case (144).jpg,Malignant,Malignant cases,Malignant case (144).jpg,LungCancerAI
datasets/lung_cancer/Malignant cases/Malignant case (145).jpg,Malignant,Malignant cases,Malignant case (145).jpg,LungCancerAI
datasets/lung_cancer/Malignant cases/Malignant case (146).jpg,Malignant,Malignant cases,Malignant case (146).jpg,LungCancerAI
datasets/lung_cancer/Malignant cases/Malignant case (147).jpg,Malignant,Malignant cases,Malignant case (147).jpg,LungCancerAI
datasets/lung_cancer/Malignant cases/Malignant case (148).jpg,Malignant,Malignant cases,Malignant case (148).jpg,LungCancerAI
datasets/lung_cancer/Malignant cases/Malignant case (149).jpg,Malignant,Malignant cases,Malignant case (149).jpg,LungCancerAI
datasets/lung_cancer/Malignant cases/Malignant case (15).jpg,Malignant,Malignant cases,Malignant case (15).jpg,LungCancerAI
datasets/lung_cancer/Malignant cases/Malignant case (150).jpg,Malignant,Malignant cases,Malignant case (150).jpg,LungCancerAI
datasets/lung_cancer/Malignant cases/Malignant case (151).jpg,Malignant,Malignant cases,Malignant case (151).jpg,LungCancerAI
datasets/lung_cancer/Malignant cases/Malignant case (152).jpg,Malignant,Malignant cases,Malignant case (152).jpg,LungCancerAI
datasets/lung_cancer/Malignant cases/Malignant case (153).jpg,Malignant,Malignant cases,Malignant case (153).jpg,LungCancerAI
datasets/lung_cancer/Malignant cases/Malignant case (154).jpg,Malignant,Malignant cases,Malignant case (154).jpg,LungCancerAI
datasets/lung_cancer/Malignant cases/Malignant case (155).jpg,Malignant,Malignant cases,Malignant case (155).jpg,LungCancerAI
datasets/lung_cancer/Malignant cases/Malignant case (156).jpg,Malignant,Malignant cases,Malignant case (156).jpg,LungCancerAI
datasets/lung_cancer/Malignant cases/Malignant case (157).jpg,Malignant,Malignant cases,Malignant case (157).jpg,LungCancerAI
datasets/lung_cancer/Malignant cases/Malignant case (158).jpg,Malignant,Malignant cases,Malignant case (158).jpg,LungCancerAI
datasets/lung_cancer/Malignant cases/Malignant case (159).jpg,Malignant,Malignant cases,Malignant case (159).jpg,LungCancerAI
datasets/lung_cancer/Malignant cases/Malignant case (16).jpg,Malignant,Malignant cases,Malignant case (16).jpg,LungCancerAI
datasets/lung_cancer/Malignant cases/Malignant case (160).jpg,Malignant,Malignant cases,Malignant case (160).jpg,LungCancerAI
datasets/lung_cancer/Malignant cases/Malignant case (161).jpg,Malignant,Malignant cases,Malignant case (161).jpg,LungCancerAI
datasets/lung_cancer/Malignant cases/Malignant case (162).jpg,Malignant,Malignant cases,Malignant case (162).jpg,LungCancerAI
datasets/lung_cancer/Malignant cases/Malignant case (163).jpg,Malignant,Malignant cases,Malignant case (163).jpg,LungCancerAI
datasets/lung_cancer/Malignant cases/Malignant case (164).jpg,Malignant,Malignant cases,Malignant case (164).jpg,LungCancerAI
datasets/lung_cancer/Malignant cases/Malignant case (165).jpg,Malignant,Malignant cases,Malignant case (165).jpg,LungCancerAI
datasets/lung_cancer/Malignant cases/Malignant case (166).jpg,Malignant,Malignant cases,Malignant case (166).jpg,LungCancerAI
datasets/lung_cancer/Malignant cases/Malignant case (167).jpg,Malignant,Malignant cases,Malignant case (167).jpg,LungCancerAI
datasets/lung_cancer/Malignant cases/Malignant case (168).jpg,Malignant,Malignant cases,Malignant case (168).jpg,LungCancerAI
datasets/lung_cancer/Malignant cases/Malignant case (169).jpg,Malignant,Malignant cases,Malignant case (169).jpg,LungCancerAI
datasets/lung_cancer/Malignant cases/Malignant case (17).jpg,Malignant,Malignant cases,Malignant case (17).jpg,LungCancerAI
datasets/lung_cancer/Malignant cases/Malignant case (170).jpg,Malignant,Malignant cases,Malignant case (170).jpg,LungCancerAI
datasets/lung_cancer/Malignant cases/Malignant case (171).jpg,Malignant,Malignant cases,Malignant case (171).jpg,LungCancerAI
datasets/lung_cancer/Malignant cases/Malignant case (172).jpg,Malignant,Malignant cases,Malignant case (172).jpg,LungCancerAI
datasets/lung_cancer/Malignant cases/Malignant case (173).jpg,Malignant,Malignant cases,Malignant case (173).jpg,LungCancerAI
datasets/lung_cancer/Malignant cases/Malignant case (174).jpg,Malignant,Malignant cases,Malignant case (174).jpg,LungCancerAI
datasets/lung_cancer/Malignant cases/Malignant case (175).jpg,Malignant,Malignant cases,Malignant case (175).jpg,LungCancerAI
datasets/lung_cancer/Malignant cases/Malignant case (176).jpg,Malignant,Malignant cases,Malignant case (176).jpg,LungCancerAI
datasets/lung_cancer/Malignant cases/Malignant case (177).jpg,Malignant,Malignant cases,Malignant case (177).jpg,LungCancerAI
datasets/lung_cancer/Malignant cases/Malignant case (178).jpg,Malignant,Malignant cases,Malignant case (178).jpg,LungCancerAI
datasets/lung_cancer/Malignant cases/Malignant case (179).jpg,Malignant,Malignant cases,Malignant case (179).jpg,LungCancerAI
datasets/lung_cancer/Malignant cases/Malignant case (18).jpg,Malignant,Malignant cases,Malignant case (18).jpg,LungCancerAI
datasets/lung_cancer/Malignant cases/Malignant case (180).jpg,Malignant,Malignant cases,Malignant case (180).jpg,LungCancerAI
datasets/lung_cancer/Malignant cases/Malignant case (181).jpg,Malignant,Malignant cases,Malignant case (181).jpg,LungCancerAI
datasets/lung_cancer/Malignant cases/Malignant case (182).jpg,Malignant,Malignant cases,Malignant case (182).jpg,LungCancerAI
datasets/lung_cancer/Malignant cases/Malignant case (183).jpg,Malignant,Malignant cases,Malignant case (183).jpg,LungCancerAI
datasets/lung_cancer/Malignant cases/Malignant case (184).jpg,Malignant,Malignant cases,Malignant case (184).jpg,LungCancerAI
datasets/lung_cancer/Malignant cases/Malignant case (185).jpg,Malignant,Malignant cases,Malignant case (185).jpg,LungCancerAI
datasets/lung_cancer/Malignant cases/Malignant case (186).jpg,Malignant,Malignant cases,Malignant case (186).jpg,LungCancerAI
datasets/lung_cancer/Malignant cases/Malignant case (187).jpg,Malignant,Malignant cases,Malignant case (187).jpg,LungCancerAI
datasets/lung_cancer/Malignant cases/Malignant case (188).jpg,Malignant,Malignant cases,Malignant case (188).jpg,LungCancerAI
datasets/lung_cancer/Malignant cases/Malignant case (189).jpg,Malignant,Malignant cases,Malignant case (189).jpg,LungCancerAI
datasets/lung_cancer/Malignant cases/Malignant case (19).jpg,Malignant,Malignant cases,Malignant case (19).jpg,LungCancerAI
datasets/lung_cancer/Malignant cases/Malignant case (190).jpg,Malignant,Malignant cases,Malignant case (190).jpg,LungCancerAI
datasets/lung_cancer/Malignant cases/Malignant case (191).jpg,Malignant,Malignant cases,Malignant case (191).jpg,LungCancerAI
datasets/lung_cancer/Malignant cases/Malignant case (192).jpg,Malignant,Malignant cases,Malignant case (192).jpg,LungCancerAI
datasets/lung_cancer/Malignant cases/Malignant case (193).jpg,Malignant,Malignant cases,Malignant case (193).jpg,LungCancerAI
datasets/lung_cancer/Malignant cases/Malignant case (194).jpg,Malignant,Malignant cases,Malignant case (194).jpg,LungCancerAI
datasets/lung_cancer/Malignant cases/Malignant case (195).jpg,Malignant,Malignant cases,Malignant case (195).jpg,LungCancerAI
datasets/lung_cancer/Malignant cases/Malignant case (196).jpg,Malignant,Malignant cases,Malignant case (196).jpg,LungCancerAI
datasets/lung_cancer/Malignant cases/Malignant case (197).jpg,Malignant,Malignant cases,Malignant case (197).jpg,LungCancerAI
datasets/lung_cancer/Malignant cases/Malignant case (198).jpg,Malignant,Malignant cases,Malignant case (198).jpg,LungCancerAI
datasets/lung_cancer/Malignant cases/Malignant case (199).jpg,Malignant,Malignant cases,Malignant case (199).jpg,LungCancerAI
datasets/lung_cancer/Malignant cases/Malignant case (2).jpg,Malignant,Malignant cases,Malignant case (2).jpg,LungCancerAI
datasets/lung_cancer/Malignant cases/Malignant case (20).jpg,Malignant,Malignant cases,Malignant case (20).jpg,LungCancerAI
datasets/lung_cancer/Malignant cases/Malignant case (200).jpg,Malignant,Malignant cases,Malignant case (200).jpg,LungCancerAI
datasets/lung_cancer/Malignant cases/Malignant case (201).jpg,Malignant,Malignant cases,Malignant case (201).jpg,LungCancerAI
datasets/lung_cancer/Malignant cases/Malignant case (202).jpg,Malignant,Malignant cases,Malignant case (202).jpg,LungCancerAI
datasets/lung_cancer/Malignant cases/Malignant case (203).jpg,Malignant,Malignant cases,Malignant case (203).jpg,LungCancerAI
datasets/lung_cancer/Malignant cases/Malignant case (204).jpg,Malignant,Malignant cases,Malignant case (204).jpg,LungCancerAI
datasets/lung_cancer/Malignant cases/Malignant case (205).jpg,Malignant,Malignant cases,Malignant case (205).jpg,LungCancerAI
datasets/lung_cancer/Malignant cases/Malignant case (206).jpg,Malignant,Malignant cases,Malignant case (206).jpg,LungCancerAI
datasets/lung_cancer/Malignant cases/Malignant case (207).jpg,Malignant,Malignant cases,Malignant case (207).jpg,LungCancerAI
datasets/lung_cancer/Malignant cases/Malignant case (208).jpg,Malignant,Malignant cases,Malignant case (208).jpg,LungCancerAI
datasets/lung_cancer/Malignant cases/Malignant case (209).jpg,Malignant,Malignant cases,Malignant case (209).jpg,LungCancerAI
datasets/lung_cancer/Malignant cases/Malignant case (21).jpg,Malignant,Malignant cases,Malignant case (21).jpg,LungCancerAI
datasets/lung_cancer/Malignant cases/Malignant case (210).jpg,Malignant,Malignant cases,Malignant case (210).jpg,LungCancerAI
datasets/lung_cancer/Malignant cases/Malignant case (211).jpg,Malignant,Malignant cases,Malignant case (211).jpg,LungCancerAI
datasets/lung_cancer/Malignant cases/Malignant case (212).jpg,Malignant,Malignant cases,Malignant case (212).jpg,LungCancerAI
datasets/lung_cancer/Malignant cases/Malignant case (213).jpg,Malignant,Malignant cases,Malignant case (213).jpg,LungCancerAI
datasets/lung_cancer/Malignant cases/Malignant case (214).jpg,Malignant,Malignant cases,Malignant case (214).jpg,LungCancerAI
datasets/lung_cancer/Malignant cases/Malignant case (215).jpg,Malignant,Malignant cases,Malignant case (215).jpg,LungCancerAI
datasets/lung_cancer/Malignant cases/Malignant case (216).jpg,Malignant,Malignant cases,Malignant case (216).jpg,LungCancerAI
datasets/lung_cancer/Malignant cases/Malignant case (217).jpg,Malignant,Malignant cases,Malignant case (217).jpg,LungCancerAI
datasets/lung_cancer/Malignant cases/Malignant case (218).jpg,Malignant,Malignant cases,Malignant case (218).jpg,LungCancerAI
datasets/lung_cancer/Malignant cases/Malignant case (219).jpg,Malignant,Malignant cases,Malignant case (219).jpg,LungCancerAI
datasets/lung_cancer/Malignant cases/Malignant case (22).jpg,Malignant,Malignant cases,Malignant case (22).jpg,LungCancerAI
datasets/lung_cancer/Malignant cases/Malignant case (220).jpg,Malignant,Malignant cases,Malignant case (220).jpg,LungCancerAI
datasets/lung_cancer/Malignant cases/Malignant case (221).jpg,Malignant,Malignant cases,Malignant case (221).jpg,LungCancerAI
datasets/lung_cancer/Malignant cases/Malignant case (222).jpg,Malignant,Malignant cases,Malignant case (222).jpg,LungCancerAI
datasets/lung_cancer/Malignant cases/Malignant case (223).jpg,Malignant,Malignant cases,Malignant case (223).jpg,LungCancerAI
datasets/lung_cancer/Malignant cases/Malignant case (224).jpg,Malignant,Malignant cases,Malignant case (224).jpg,LungCancerAI
datasets/lung_cancer/Malignant cases/Malignant case (225).jpg,Malignant,Malignant cases,Malignant case (225).jpg,LungCancerAI
datasets/lung_cancer/Malignant cases/Malignant case (226).jpg,Malignant,Malignant cases,Malignant case (226).jpg,LungCancerAI
datasets/lung_cancer/Malignant cases/Malignant case (227).jpg,Malignant,Malignant cases,Malignant case (227).jpg,LungCancerAI
datasets/lung_cancer/Malignant cases/Malignant case (228).jpg,Malignant,Malignant cases,Malignant case (228).jpg,LungCancerAI
datasets/lung_cancer/Malignant cases/Malignant case (229).jpg,Malignant,Malignant cases,Malignant case (229).jpg,LungCancerAI
datasets/lung_cancer/Malignant cases/Malignant case (23).jpg,Malignant,Malignant cases,Malignant case (23).jpg,LungCancerAI
datasets/lung_cancer/Malignant cases/Malignant case (230).jpg,Malignant,Malignant cases,Malignant case (230).jpg,LungCancerAI
datasets/lung_cancer/Malignant cases/Malignant case (231).jpg,Malignant,Malignant cases,Malignant case (231).jpg,LungCancerAI
datasets/lung_cancer/Malignant cases/Malignant case (232).jpg,Malignant,Malignant cases,Malignant case (232).jpg,LungCancerAI
datasets/lung_cancer/Malignant cases/Malignant case (233).jpg,Malignant,Malignant cases,Malignant case (233).jpg,LungCancerAI
datasets/lung_cancer/Malignant cases/Malignant case (234).jpg,Malignant,Malignant cases,Malignant case (234).jpg,LungCancerAI
datasets/lung_cancer/Malignant cases/Malignant case (235).jpg,Malignant,Malignant cases,Malignant case (235).jpg,LungCancerAI
datasets/lung_cancer/Malignant cases/Malignant case (236).jpg,Malignant,Malignant cases,Malignant case (236).jpg,LungCancerAI
datasets/lung_cancer/Malignant cases/Malignant case (237).jpg,Malignant,Malignant cases,Malignant case (237).jpg,LungCancerAI
datasets/lung_cancer/Malignant cases/Malignant case (238).jpg,Malignant,Malignant cases,Malignant case (238).jpg,LungCancerAI
datasets/lung_cancer/Malignant cases/Malignant case (239).jpg,Malignant,Malignant cases,Malignant case (239).jpg,LungCancerAI
datasets/lung_cancer/Malignant cases/Malignant case (24).jpg,Malignant,Malignant cases,Malignant case (24).jpg,LungCancerAI
datasets/lung_cancer/Malignant cases/Malignant case (240).jpg,Malignant,Malignant cases,Malignant case (240).jpg,LungCancerAI
datasets/lung_cancer/Malignant cases/Malignant case (241).jpg,Malignant,Malignant cases,Malignant case (241).jpg,LungCancerAI
datasets/lung_cancer/Malignant cases/Malignant case (242).jpg,Malignant,Malignant cases,Malignant case (242).jpg,LungCancerAI
datasets/lung_cancer/Malignant cases/Malignant case (243).jpg,Malignant,Malignant cases,Malignant case (243).jpg,LungCancerAI
datasets/lung_cancer/Malignant cases/Malignant case (244).jpg,Malignant,Malignant cases,Malignant case (244).jpg,LungCancerAI
datasets/lung_cancer/Malignant cases/Malignant case (245).jpg,Malignant,Malignant cases,Malignant case (245).jpg,LungCancerAI
datasets/lung_cancer/Malignant cases/Malignant case (246).jpg,Malignant,Malignant cases,Malignant case (246).jpg,LungCancerAI
datasets/lung_cancer/Malignant cases/Malignant case (247).jpg,Malignant,Malignant cases,Malignant case (247).jpg,LungCancerAI
datasets/lung_cancer/Malignant cases/Malignant case (248).jpg,Malignant,Malignant cases,Malignant case (248).jpg,LungCancerAI
datasets/lung_cancer/Malignant cases/Malignant case (249).jpg,Malignant,Malignant cases,Malignant case (249).jpg,LungCancerAI
datasets/lung_cancer/Malignant cases/Malignant case (25).jpg,Malignant,Malignant cases,Malignant case (25).jpg,LungCancerAI
datasets/lung_cancer/Malignant cases/Malignant case (250).jpg,Malignant,Malignant cases,Malignant case (250).jpg,LungCancerAI
datasets/lung_cancer/Malignant cases/Malignant case (251).jpg,Malignant,Malignant cases,Malignant case (251).jpg,LungCancerAI
datasets/lung_cancer/Malignant cases/Malignant case (252).jpg,Malignant,Malignant cases,Malignant case (252).jpg,LungCancerAI
datasets/lung_cancer/Malignant cases/Malignant case (253).jpg,Malignant,Malignant cases,Malignant case (253).jpg,LungCancerAI
datasets/lung_cancer/Malignant cases/Malignant case (254).jpg,Malignant,Malignant cases,Malignant case (254).jpg,LungCancerAI
datasets/lung_cancer/Malignant cases/Malignant case (255).jpg,Malignant,Malignant cases,Malignant case (255).jpg,LungCancerAI
datasets/lung_cancer/Malignant cases/Malignant case (256).jpg,Malignant,Malignant cases,Malignant case (256).jpg,LungCancerAI
datasets/lung_cancer/Malignant cases/Malignant case (257).jpg,Malignant,Malignant cases,Malignant case (257).jpg,LungCancerAI
datasets/lung_cancer/Malignant cases/Malignant case (258).jpg,Malignant,Malignant cases,Malignant case (258).jpg,LungCancerAI
datasets/lung_cancer/Malignant cases/Malignant case (259).jpg,Malignant,Malignant cases,Malignant case (259).jpg,LungCancerAI
datasets/lung_cancer/Malignant cases/Malignant case (26).jpg,Malignant,Malignant cases,Malignant case (26).jpg,LungCancerAI
datasets/lung_cancer/Malignant cases/Malignant case (260).jpg,Malignant,Malignant cases,Malignant case (260).jpg,LungCancerAI
datasets/lung_cancer/Malignant cases/Malignant case (261).jpg,Malignant,Malignant cases,Malignant case (261).jpg,LungCancerAI
datasets/lung_cancer/Malignant cases/Malignant case (262).jpg,Malignant,Malignant cases,Malignant case (262).jpg,LungCancerAI
datasets/lung_cancer/Malignant cases/Malignant case (263).jpg,Malignant,Malignant cases,Malignant case (263).jpg,LungCancerAI
datasets/lung_cancer/Malignant cases/Malignant case (264).jpg,Malignant,Malignant cases,Malignant case (264).jpg,LungCancerAI
datasets/lung_cancer/Malignant cases/Malignant case (265).jpg,Malignant,Malignant cases,Malignant case (265).jpg,LungCancerAI
datasets/lung_cancer/Malignant cases/Malignant case (266).jpg,Malignant,Malignant cases,Malignant case (266).jpg,LungCancerAI
datasets/lung_cancer/Malignant cases/Malignant case (267).jpg,Malignant,Malignant cases,Malignant case (267).jpg,LungCancerAI
datasets/lung_cancer/Malignant cases/Malignant case (268).jpg,Malignant,Malignant cases,Malignant case (268).jpg,LungCancerAI
datasets/lung_cancer/Malignant cases/Malignant case (269).jpg,Malignant,Malignant cases,Malignant case (269).jpg,LungCancerAI
datasets/lung_cancer/Malignant cases/Malignant case (27).jpg,Malignant,Malignant cases,Malignant case (27).jpg,LungCancerAI
datasets/lung_cancer/Malignant cases/Malignant case (270).jpg,Malignant,Malignant cases,Malignant case (270).jpg,LungCancerAI
datasets/lung_cancer/Malignant cases/Malignant case (271).jpg,Malignant,Malignant cases,Malignant case (271).jpg,LungCancerAI
datasets/lung_cancer/Malignant cases/Malignant case (272).jpg,Malignant,Malignant cases,Malignant case (272).jpg,LungCancerAI
datasets/lung_cancer/Malignant cases/Malignant case (273).jpg,Malignant,Malignant cases,Malignant case (273).jpg,LungCancerAI
datasets/lung_cancer/Malignant cases/Malignant case (274).jpg,Malignant,Malignant cases,Malignant case (274).jpg,LungCancerAI
datasets/lung_cancer/Malignant cases/Malignant case (275).jpg,Malignant,Malignant cases,Malignant case (275).jpg,LungCancerAI
datasets/lung_cancer/Malignant cases/Malignant case (276).jpg,Malignant,Malignant cases,Malignant case (276).jpg,LungCancerAI
datasets/lung_cancer/Malignant cases/Malignant case (277).jpg,Malignant,Malignant cases,Malignant case (277).jpg,LungCancerAI
datasets/lung_cancer/Malignant cases/Malignant case (278).jpg,Malignant,Malignant cases,Malignant case (278).jpg,LungCancerAI
datasets/lung_cancer/Malignant cases/Malignant case (279).jpg,Malignant,Malignant cases,Malignant case (279).jpg,LungCancerAI
datasets/lung_cancer/Malignant cases/Malignant case (28).jpg,Malignant,Malignant cases,Malignant case (28).jpg,LungCancerAI
datasets/lung_cancer/Malignant cases/Malignant case (280).jpg,Malignant,Malignant cases,Malignant case (280).jpg,LungCancerAI
datasets/lung_cancer/Malignant cases/Malignant case (281).jpg,Malignant,Malignant cases,Malignant case (281).jpg,LungCancerAI
datasets/lung_cancer/Malignant cases/Malignant case (282).jpg,Malignant,Malignant cases,Malignant case (282).jpg,LungCancerAI
datasets/lung_cancer/Malignant cases/Malignant case (283).jpg,Malignant,Malignant cases,Malignant case (283).jpg,LungCancerAI
datasets/lung_cancer/Malignant cases/Malignant case (284).jpg,Malignant,Malignant cases,Malignant case (284).jpg,LungCancerAI
datasets/lung_cancer/Malignant cases/Malignant case (285).jpg,Malignant,Malignant cases,Malignant case (285).jpg,LungCancerAI
datasets/lung_cancer/Malignant cases/Malignant case (286).jpg,Malignant,Malignant cases,Malignant case (286).jpg,LungCancerAI
datasets/lung_cancer/Malignant cases/Malignant case (287).jpg,Malignant,Malignant cases,Malignant case (287).jpg,LungCancerAI
datasets/lung_cancer/Malignant cases/Malignant case (288).jpg,Malignant,Malignant cases,Malignant case (288).jpg,LungCancerAI
datasets/lung_cancer/Malignant cases/Malignant case (289).jpg,Malignant,Malignant cases,Malignant case (289).jpg,LungCancerAI
datasets/lung_cancer/Malignant cases/Malignant case (29).jpg,Malignant,Malignant cases,Malignant case (29).jpg,LungCancerAI
datasets/lung_cancer/Malignant cases/Malignant case (290).jpg,Malignant,Malignant cases,Malignant case (290).jpg,LungCancerAI
datasets/lung_cancer/Malignant cases/Malignant case (291).jpg,Malignant,Malignant cases,Malignant case (291).jpg,LungCancerAI
datasets/lung_cancer/Malignant cases/Malignant case (292).jpg,Malignant,Malignant cases,Malignant case (292).jpg,LungCancerAI
datasets/lung_cancer/Malignant cases/Malignant case (293).jpg,Malignant,Malignant cases,Malignant case (293).jpg,LungCancerAI
datasets/lung_cancer/Malignant cases/Malignant case (294).jpg,Malignant,Malignant cases,Malignant case (294).jpg,LungCancerAI
datasets/lung_cancer/Malignant cases/Malignant case (295).jpg,Malignant,Malignant cases,Malignant case (295).jpg,LungCancerAI
datasets/lung_cancer/Malignant cases/Malignant case (296).jpg,Malignant,Malignant cases,Malignant case (296).jpg,LungCancerAI
datasets/lung_cancer/Malignant cases/Malignant case (297).jpg,Malignant,Malignant cases,Malignant case (297).jpg,LungCancerAI
datasets/lung_cancer/Malignant cases/Malignant case (298).jpg,Malignant,Malignant cases,Malignant case (298).jpg,LungCancerAI
datasets/lung_cancer/Malignant cases/Malignant case (299).jpg,Malignant,Malignant cases,Malignant case (299).jpg,LungCancerAI
datasets/lung_cancer/Malignant cases/Malignant case (3).jpg,Malignant,Malignant cases,Malignant case (3).jpg,LungCancerAI
datasets/lung_cancer/Malignant cases/Malignant case (30).jpg,Malignant,Malignant cases,Malignant case (30).jpg,LungCancerAI
datasets/lung_cancer/Malignant cases/Malignant case (300).jpg,Malignant,Malignant cases,Malignant case (300).jpg,LungCancerAI
datasets/lung_cancer/Malignant cases/Malignant case (301).jpg,Malignant,Malignant cases,Malignant case (301).jpg,LungCancerAI
datasets/lung_cancer/Malignant cases/Malignant case (302).jpg,Malignant,Malignant cases,Malignant case (302).jpg,LungCancerAI
datasets/lung_cancer/Malignant cases/Malignant case (303).jpg,Malignant,Malignant cases,Malignant case (303).jpg,LungCancerAI
datasets/lung_cancer/Malignant cases/Malignant case (304).jpg,Malignant,Malignant cases,Malignant case (304).jpg,LungCancerAI
datasets/lung_cancer/Malignant cases/Malignant case (305).jpg,Malignant,Malignant cases,Malignant case (305).jpg,LungCancerAI
datasets/lung_cancer/Malignant cases/Malignant case (306).jpg,Malignant,Malignant cases,Malignant case (306).jpg,LungCancerAI
datasets/lung_cancer/Malignant cases/Malignant case (307).jpg,Malignant,Malignant cases,Malignant case (307).jpg,LungCancerAI
datasets/lung_cancer/Malignant cases/Malignant case (308).jpg,Malignant,Malignant cases,Malignant case (308).jpg,LungCancerAI
datasets/lung_cancer/Malignant cases/Malignant case (309).jpg,Malignant,Malignant cases,Malignant case (309).jpg,LungCancerAI
datasets/lung_cancer/Malignant cases/Malignant case (31).jpg,Malignant,Malignant cases,Malignant case (31).jpg,LungCancerAI
datasets/lung_cancer/Malignant cases/Malignant case (310).jpg,Malignant,Malignant cases,Malignant case (310).jpg,LungCancerAI
datasets/lung_cancer/Malignant cases/Malignant case (311).jpg,Malignant,Malignant cases,Malignant case (311).jpg,LungCancerAI
datasets/lung_cancer/Malignant cases/Malignant case (312).jpg,Malignant,Malignant cases,Malignant case (312).jpg,LungCancerAI
datasets/lung_cancer/Malignant cases/Malignant case (313).jpg,Malignant,Malignant cases,Malignant case (313).jpg,LungCancerAI
datasets/lung_cancer/Malignant cases/Malignant case (314).jpg,Malignant,Malignant cases,Malignant case (314).jpg,LungCancerAI
datasets/lung_cancer/Malignant cases/Malignant case (315).jpg,Malignant,Malignant cases,Malignant case (315).jpg,LungCancerAI
datasets/lung_cancer/Malignant cases/Malignant case (316).jpg,Malignant,Malignant cases,Malignant case (316).jpg,LungCancerAI
datasets/lung_cancer/Malignant cases/Malignant case (317).jpg,Malignant,Malignant cases,Malignant case (317).jpg,LungCancerAI
datasets/lung_cancer/Malignant cases/Malignant case (318).jpg,Malignant,Malignant cases,Malignant case (318).jpg,LungCancerAI
datasets/lung_cancer/Malignant cases/Malignant case (319).jpg,Malignant,Malignant cases,Malignant case (319).jpg,LungCancerAI
datasets/lung_cancer/Malignant cases/Malignant case (32).jpg,Malignant,Malignant cases,Malignant case (32).jpg,LungCancerAI
datasets/lung_cancer/Malignant cases/Malignant case (320).jpg,Malignant,Malignant cases,Malignant case (320).jpg,LungCancerAI
datasets/lung_cancer/Malignant cases/Malignant case (321).jpg,Malignant,Malignant cases,Malignant case (321).jpg,LungCancerAI
datasets/lung_cancer/Malignant cases/Malignant case (322).jpg,Malignant,Malignant cases,Malignant case (322).jpg,LungCancerAI
datasets/lung_cancer/Malignant cases/Malignant case (323).jpg,Malignant,Malignant cases,Malignant case (323).jpg,LungCancerAI
datasets/lung_cancer/Malignant cases/Malignant case (324).jpg,Malignant,Malignant cases,Malignant case (324).jpg,LungCancerAI
datasets/lung_cancer/Malignant cases/Malignant case (325).jpg,Malignant,Malignant cases,Malignant case (325).jpg,LungCancerAI
datasets/lung_cancer/Malignant cases/Malignant case (326).jpg,Malignant,Malignant cases,Malignant case (326).jpg,LungCancerAI
datasets/lung_cancer/Malignant cases/Malignant case (327).jpg,Malignant,Malignant cases,Malignant case (327).jpg,LungCancerAI
datasets/lung_cancer/Malignant cases/Malignant case (328).jpg,Malignant,Malignant cases,Malignant case (328).jpg,LungCancerAI
datasets/lung_cancer/Malignant cases/Malignant case (329).jpg,Malignant,Malignant cases,Malignant case (329).jpg,LungCancerAI
datasets/lung_cancer/Malignant cases/Malignant case (33).jpg,Malignant,Malignant cases,Malignant case (33).jpg,LungCancerAI
datasets/lung_cancer/Malignant cases/Malignant case (330).jpg,Malignant,Malignant cases,Malignant case (330).jpg,LungCancerAI
datasets/lung_cancer/Malignant cases/Malignant case (331).jpg,Malignant,Malignant cases,Malignant case (331).jpg,LungCancerAI
datasets/lung_cancer/Malignant cases/Malignant case (332).jpg,Malignant,Malignant cases,Malignant case (332).jpg,LungCancerAI
datasets/lung_cancer/Malignant cases/Malignant case (333).jpg,Malignant,Malignant cases,Malignant case (333).jpg,LungCancerAI
datasets/lung_cancer/Malignant cases/Malignant case (334).jpg,Malignant,Malignant cases,Malignant case (334).jpg,LungCancerAI
datasets/lung_cancer/Malignant cases/Malignant case (335).jpg,Malignant,Malignant cases,Malignant case (335).jpg,LungCancerAI
datasets/lung_cancer/Malignant cases/Malignant case (336).jpg,Malignant,Malignant cases,Malignant case (336).jpg,LungCancerAI
datasets/lung_cancer/Malignant cases/Malignant case (337).jpg,Malignant,Malignant cases,Malignant case (337).jpg,LungCancerAI
datasets/lung_cancer/Malignant cases/Malignant case (338).jpg,Malignant,Malignant cases,Malignant case (338).jpg,LungCancerAI
datasets/lung_cancer/Malignant cases/Malignant case (339).jpg,Malignant,Malignant cases,Malignant case (339).jpg,LungCancerAI
datasets/lung_cancer/Malignant cases/Malignant case (34).jpg,Malignant,Malignant cases,Malignant case (34).jpg,LungCancerAI
datasets/lung_cancer/Malignant cases/Malignant case (340).jpg,Malignant,Malignant cases,Malignant case (340).jpg,LungCancerAI
datasets/lung_cancer/Malignant cases/Malignant case (341).jpg,Malignant,Malignant cases,Malignant case (341).jpg,LungCancerAI
datasets/lung_cancer/Malignant cases/Malignant case (342).jpg,Malignant,Malignant cases,Malignant case (342).jpg,LungCancerAI
datasets/lung_cancer/Malignant cases/Malignant case (343).jpg,Malignant,Malignant cases,Malignant case (343).jpg,LungCancerAI
datasets/lung_cancer/Malignant cases/Malignant case (344).jpg,Malignant,Malignant cases,Malignant case (344).jpg,LungCancerAI
datasets/lung_cancer/Malignant cases/Malignant case (345).jpg,Malignant,Malignant cases,Malignant case (345).jpg,LungCancerAI
datasets/lung_cancer/Malignant cases/Malignant case (346).jpg,Malignant,Malignant cases,Malignant case (346).jpg,LungCancerAI
datasets/lung_cancer/Malignant cases/Malignant case (347).jpg,Malignant,Malignant cases,Malignant case (347).jpg,LungCancerAI
datasets/lung_cancer/Malignant cases/Malignant case (348).jpg,Malignant,Malignant cases,Malignant case (348).jpg,LungCancerAI
datasets/lung_cancer/Malignant cases/Malignant case (349).jpg,Malignant,Malignant cases,Malignant case (349).jpg,LungCancerAI
datasets/lung_cancer/Malignant cases/Malignant case (35).jpg,Malignant,Malignant cases,Malignant case (35).jpg,LungCancerAI
datasets/lung_cancer/Malignant cases/Malignant case (350).jpg,Malignant,Malignant cases,Malignant case (350).jpg,LungCancerAI
datasets/lung_cancer/Malignant cases/Malignant case (351).jpg,Malignant,Malignant cases,Malignant case (351).jpg,LungCancerAI
datasets/lung_cancer/Malignant cases/Malignant case (352).jpg,Malignant,Malignant cases,Malignant case (352).jpg,LungCancerAI
datasets/lung_cancer/Malignant cases/Malignant case (353).jpg,Malignant,Malignant cases,Malignant case (353).jpg,LungCancerAI
datasets/lung_cancer/Malignant cases/Malignant case (354).jpg,Malignant,Malignant cases,Malignant case (354).jpg,LungCancerAI
datasets/lung_cancer/Malignant cases/Malignant case (355).jpg,Malignant,Malignant cases,Malignant case (355).jpg,LungCancerAI
datasets/lung_cancer/Malignant cases/Malignant case (356).jpg,Malignant,Malignant cases,Malignant case (356).jpg,LungCancerAI
datasets/lung_cancer/Malignant cases/Malignant case (357).jpg,Malignant,Malignant cases,Malignant case (357).jpg,LungCancerAI
datasets/lung_cancer/Malignant cases/Malignant case (358).jpg,Malignant,Malignant cases,Malignant case (358).jpg,LungCancerAI
datasets/lung_cancer/Malignant cases/Malignant case (359).jpg,Malignant,Malignant cases,Malignant case (359).jpg,LungCancerAI
datasets/lung_cancer/Malignant cases/Malignant case (36).jpg,Malignant,Malignant cases,Malignant case (36).jpg,LungCancerAI
datasets/lung_cancer/Malignant cases/Malignant case (360).jpg,Malignant,Malignant cases,Malignant case (360).jpg,LungCancerAI
datasets/lung_cancer/Malignant cases/Malignant case (361).jpg,Malignant,Malignant cases,Malignant case (361).jpg,LungCancerAI
datasets/lung_cancer/Malignant cases/Malignant case (362).jpg,Malignant,Malignant cases,Malignant case (362).jpg,LungCancerAI
datasets/lung_cancer/Malignant cases/Malignant case (363).jpg,Malignant,Malignant cases,Malignant case (363).jpg,LungCancerAI
datasets/lung_cancer/Malignant cases/Malignant case (364).jpg,Malignant,Malignant cases,Malignant case (364).jpg,LungCancerAI
datasets/lung_cancer/Malignant cases/Malignant case (365).jpg,Malignant,Malignant cases,Malignant case (365).jpg,LungCancerAI
datasets/lung_cancer/Malignant cases/Malignant case (366).jpg,Malignant,Malignant cases,Malignant case (366).jpg,LungCancerAI
datasets/lung_cancer/Malignant cases/Malignant case (367).jpg,Malignant,Malignant cases,Malignant case (367).jpg,LungCancerAI
datasets/lung_cancer/Malignant cases/Malignant case (368).jpg,Malignant,Malignant cases,Malignant case (368).jpg,LungCancerAI
datasets/lung_cancer/Malignant cases/Malignant case (369).jpg,Malignant,Malignant cases,Malignant case (369).jpg,LungCancerAI
datasets/lung_cancer/Malignant cases/Malignant case (37).jpg,Malignant,Malignant cases,Malignant case (37).jpg,LungCancerAI
datasets/lung_cancer/Malignant cases/Malignant case (370).jpg,Malignant,Malignant cases,Malignant case (370).jpg,LungCancerAI
datasets/lung_cancer/Malignant cases/Malignant case (371).jpg,Malignant,Malignant cases,Malignant case (371).jpg,LungCancerAI
datasets/lung_cancer/Malignant cases/Malignant case (372).jpg,Malignant,Malignant cases,Malignant case (372).jpg,LungCancerAI
datasets/lung_cancer/Malignant cases/Malignant case (373).jpg,Malignant,Malignant cases,Malignant case (373).jpg,LungCancerAI
datasets/lung_cancer/Malignant cases/Malignant case (374).jpg,Malignant,Malignant cases,Malignant case (374).jpg,LungCancerAI
datasets/lung_cancer/Malignant cases/Malignant case (375).jpg,Malignant,Malignant cases,Malignant case (375).jpg,LungCancerAI
datasets/lung_cancer/Malignant cases/Malignant case (376).jpg,Malignant,Malignant cases,Malignant case (376).jpg,LungCancerAI
datasets/lung_cancer/Malignant cases/Malignant case (377).jpg,Malignant,Malignant cases,Malignant case (377).jpg,LungCancerAI
datasets/lung_cancer/Malignant cases/Malignant case (378).jpg,Malignant,Malignant cases,Malignant case (378).jpg,LungCancerAI
datasets/lung_cancer/Malignant cases/Malignant case (379).jpg,Malignant,Malignant cases,Malignant case (379).jpg,LungCancerAI
datasets/lung_cancer/Malignant cases/Malignant case (38).jpg,Malignant,Malignant cases,Malignant case (38).jpg,LungCancerAI
datasets/lung_cancer/Malignant cases/Malignant case (380).jpg,Malignant,Malignant cases,Malignant case (380).jpg,LungCancerAI
datasets/lung_cancer/Malignant cases/Malignant case (381).jpg,Malignant,Malignant cases,Malignant case (381).jpg,LungCancerAI
datasets/lung_cancer/Malignant cases/Malignant case (382).jpg,Malignant,Malignant cases,Malignant case (382).jpg,LungCancerAI
datasets/lung_cancer/Malignant cases/Malignant case (383).jpg,Malignant,Malignant cases,Malignant case (383).jpg,LungCancerAI
datasets/lung_cancer/Malignant cases/Malignant case (384).jpg,Malignant,Malignant cases,Malignant case (384).jpg,LungCancerAI
datasets/lung_cancer/Malignant cases/Malignant case (385).jpg,Malignant,Malignant cases,Malignant case (385).jpg,LungCancerAI
datasets/lung_cancer/Malignant cases/Malignant case (386).jpg,Malignant,Malignant cases,Malignant case (386).jpg,LungCancerAI
datasets/lung_cancer/Malignant cases/Malignant case (387).jpg,Malignant,Malignant cases,Malignant case (387).jpg,LungCancerAI
datasets/lung_cancer/Malignant cases/Malignant case (388).jpg,Malignant,Malignant cases,Malignant case (388).jpg,LungCancerAI
datasets/lung_cancer/Malignant cases/Malignant case (389).jpg,Malignant,Malignant cases,Malignant case (389).jpg,LungCancerAI
datasets/lung_cancer/Malignant cases/Malignant case (39).jpg,Malignant,Malignant cases,Malignant case (39).jpg,LungCancerAI
datasets/lung_cancer/Malignant cases/Malignant case (390).jpg,Malignant,Malignant cases,Malignant case (390).jpg,LungCancerAI
datasets/lung_cancer/Malignant cases/Malignant case (391).jpg,Malignant,Malignant cases,Malignant case (391).jpg,LungCancerAI
datasets/lung_cancer/Malignant cases/Malignant case (392).jpg,Malignant,Malignant cases,Malignant case (392).jpg,LungCancerAI
datasets/lung_cancer/Malignant cases/Malignant case (393).jpg,Malignant,Malignant cases,Malignant case (393).jpg,LungCancerAI
datasets/lung_cancer/Malignant cases/Malignant case (394).jpg,Malignant,Malignant cases,Malignant case (394).jpg,LungCancerAI
datasets/lung_cancer/Malignant cases/Malignant case (395).jpg,Malignant,Malignant cases,Malignant case (395).jpg,LungCancerAI
datasets/lung_cancer/Malignant cases/Malignant case (396).jpg,Malignant,Malignant cases,Malignant case (396).jpg,LungCancerAI
datasets/lung_cancer/Malignant cases/Malignant case (397).jpg,Malignant,Malignant cases,Malignant case (397).jpg,LungCancerAI
datasets/lung_cancer/Malignant cases/Malignant case (398).jpg,Malignant,Malignant cases,Malignant case (398).jpg,LungCancerAI
datasets/lung_cancer/Malignant cases/Malignant case (399).jpg,Malignant,Malignant cases,Malignant case (399).jpg,LungCancerAI
datasets/lung_cancer/Malignant cases/Malignant case (4).jpg,Malignant,Malignant cases,Malignant case (4).jpg,LungCancerAI
datasets/lung_cancer/Malignant cases/Malignant case (40).jpg,Malignant,Malignant cases,Malignant case (40).jpg,LungCancerAI
datasets/lung_cancer/Malignant cases/Malignant case (400).jpg,Malignant,Malignant cases,Malignant case (400).jpg,LungCancerAI
datasets/lung_cancer/Malignant cases/Malignant case (401).jpg,Malignant,Malignant cases,Malignant case (401).jpg,LungCancerAI
datasets/lung_cancer/Malignant cases/Malignant case (402).jpg,Malignant,Malignant cases,Malignant case (402).jpg,LungCancerAI
datasets/lung_cancer/Malignant cases/Malignant case (403).jpg,Malignant,Malignant cases,Malignant case (403).jpg,LungCancerAI
datasets/lung_cancer/Malignant cases/Malignant case (404).jpg,Malignant,Malignant cases,Malignant case (404).jpg,LungCancerAI
datasets/lung_cancer/Malignant cases/Malignant case (405).jpg,Malignant,Malignant cases,Malignant case (405).jpg,LungCancerAI
datasets/lung_cancer/Malignant cases/Malignant case (406).jpg,Malignant,Malignant cases,Malignant case (406).jpg,LungCancerAI
datasets/lung_cancer/Malignant cases/Malignant case (407).jpg,Malignant,Malignant cases,Malignant case (407).jpg,LungCancerAI
datasets/lung_cancer/Malignant cases/Malignant case (408).jpg,Malignant,Malignant cases,Malignant case (408).jpg,LungCancerAI
datasets/lung_cancer/Malignant cases/Malignant case (409).jpg,Malignant,Malignant cases,Malignant case (409).jpg,LungCancerAI
datasets/lung_cancer/Malignant cases/Malignant case (41).jpg,Malignant,Malignant cases,Malignant case (41).jpg,LungCancerAI
datasets/lung_cancer/Malignant cases/Malignant case (410).jpg,Malignant,Malignant cases,Malignant case (410).jpg,LungCancerAI
datasets/lung_cancer/Malignant cases/Malignant case (411).jpg,Malignant,Malignant cases,Malignant case (411).jpg,LungCancerAI
datasets/lung_cancer/Malignant cases/Malignant case (412).jpg,Malignant,Malignant cases,Malignant case (412).jpg,LungCancerAI
datasets/lung_cancer/Malignant cases/Malignant case (413).jpg,Malignant,Malignant cases,Malignant case (413).jpg,LungCancerAI
datasets/lung_cancer/Malignant cases/Malignant case (414).jpg,Malignant,Malignant cases,Malignant case (414).jpg,LungCancerAI
datasets/lung_cancer/Malignant cases/Malignant case (415).jpg,Malignant,Malignant cases,Malignant case (415).jpg,LungCancerAI
datasets/lung_cancer/Malignant cases/Malignant case (416).jpg,Malignant,Malignant cases,Malignant case (416).jpg,LungCancerAI
datasets/lung_cancer/Malignant cases/Malignant case (417).jpg,Malignant,Malignant cases,Malignant case (417).jpg,LungCancerAI
datasets/lung_cancer/Malignant cases/Malignant case (418).jpg,Malignant,Malignant cases,Malignant case (418).jpg,LungCancerAI
datasets/lung_cancer/Malignant cases/Malignant case (419).jpg,Malignant,Malignant cases,Malignant case (419).jpg,LungCancerAI
datasets/lung_cancer/Malignant cases/Malignant case (42).jpg,Malignant,Malignant cases,Malignant case (42).jpg,LungCancerAI
datasets/lung_cancer/Malignant cases/Malignant case (420).jpg,Malignant,Malignant cases,Malignant case (420).jpg,LungCancerAI
datasets/lung_cancer/Malignant cases/Malignant case (421).jpg,Malignant,Malignant cases,Malignant case (421).jpg,LungCancerAI
datasets/lung_cancer/Malignant cases/Malignant case (422).jpg,Malignant,Malignant cases,Malignant case (422).jpg,LungCancerAI
datasets/lung_cancer/Malignant cases/Malignant case (423).jpg,Malignant,Malignant cases,Malignant case (423).jpg,LungCancerAI
datasets/lung_cancer/Malignant cases/Malignant case (424).jpg,Malignant,Malignant cases,Malignant case (424).jpg,LungCancerAI
datasets/lung_cancer/Malignant cases/Malignant case (425).jpg,Malignant,Malignant cases,Malignant case (425).jpg,LungCancerAI
datasets/lung_cancer/Malignant cases/Malignant case (426).jpg,Malignant,Malignant cases,Malignant case (426).jpg,LungCancerAI
datasets/lung_cancer/Malignant cases/Malignant case (427).jpg,Malignant,Malignant cases,Malignant case (427).jpg,LungCancerAI
datasets/lung_cancer/Malignant cases/Malignant case (428).jpg,Malignant,Malignant cases,Malignant case (428).jpg,LungCancerAI
datasets/lung_cancer/Malignant cases/Malignant case (429).jpg,Malignant,Malignant cases,Malignant case (429).jpg,LungCancerAI
datasets/lung_cancer/Malignant cases/Malignant case (43).jpg,Malignant,Malignant cases,Malignant case (43).jpg,LungCancerAI
datasets/lung_cancer/Malignant cases/Malignant case (430).jpg,Malignant,Malignant cases,Malignant case (430).jpg,LungCancerAI
datasets/lung_cancer/Malignant cases/Malignant case (431).jpg,Malignant,Malignant cases,Malignant case (431).jpg,LungCancerAI
datasets/lung_cancer/Malignant cases/Malignant case (432).jpg,Malignant,Malignant cases,Malignant case (432).jpg,LungCancerAI
datasets/lung_cancer/Malignant cases/Malignant case (433).jpg,Malignant,Malignant cases,Malignant case (433).jpg,LungCancerAI
datasets/lung_cancer/Malignant cases/Malignant case (434).jpg,Malignant,Malignant cases,Malignant case (434).jpg,LungCancerAI
datasets/lung_cancer/Malignant cases/Malignant case (435).jpg,Malignant,Malignant cases,Malignant case (435).jpg,LungCancerAI
datasets/lung_cancer/Malignant cases/Malignant case (436).jpg,Malignant,Malignant cases,Malignant case (436).jpg,LungCancerAI
datasets/lung_cancer/Malignant cases/Malignant case (437).jpg,Malignant,Malignant cases,Malignant case (437).jpg,LungCancerAI
datasets/lung_cancer/Malignant cases/Malignant case (438).jpg,Malignant,Malignant cases,Malignant case (438).jpg,LungCancerAI
datasets/lung_cancer/Malignant cases/Malignant case (439).jpg,Malignant,Malignant cases,Malignant case (439).jpg,LungCancerAI
datasets/lung_cancer/Malignant cases/Malignant case (44).jpg,Malignant,Malignant cases,Malignant case (44).jpg,LungCancerAI
datasets/lung_cancer/Malignant cases/Malignant case (440).jpg,Malignant,Malignant cases,Malignant case (440).jpg,LungCancerAI
datasets/lung_cancer/Malignant cases/Malignant case (441).jpg,Malignant,Malignant cases,Malignant case (441).jpg,LungCancerAI
datasets/lung_cancer/Malignant cases/Malignant case (442).jpg,Malignant,Malignant cases,Malignant case (442).jpg,LungCancerAI
datasets/lung_cancer/Malignant cases/Malignant case (443).jpg,Malignant,Malignant cases,Malignant case (443).jpg,LungCancerAI
datasets/lung_cancer/Malignant cases/Malignant case (444).jpg,Malignant,Malignant cases,Malignant case (444).jpg,LungCancerAI
datasets/lung_cancer/Malignant cases/Malignant case (445).jpg,Malignant,Malignant cases,Malignant case (445).jpg,LungCancerAI
datasets/lung_cancer/Malignant cases/Malignant case (446).jpg,Malignant,Malignant cases,Malignant case (446).jpg,LungCancerAI
datasets/lung_cancer/Malignant cases/Malignant case (447).jpg,Malignant,Malignant cases,Malignant case (447).jpg,LungCancerAI
datasets/lung_cancer/Malignant cases/Malignant case (448).jpg,Malignant,Malignant cases,Malignant case (448).jpg,LungCancerAI
datasets/lung_cancer/Malignant cases/Malignant case (449).jpg,Malignant,Malignant cases,Malignant case (449).jpg,LungCancerAI
datasets/lung_cancer/Malignant cases/Malignant case (45).jpg,Malignant,Malignant cases,Malignant case (45).jpg,LungCancerAI
datasets/lung_cancer/Malignant cases/Malignant case (450).jpg,Malignant,Malignant cases,Malignant case (450).jpg,LungCancerAI
datasets/lung_cancer/Malignant cases/Malignant case (451).jpg,Malignant,Malignant cases,Malignant case (451).jpg,LungCancerAI
datasets/lung_cancer/Malignant cases/Malignant case (452).jpg,Malignant,Malignant cases,Malignant case (452).jpg,LungCancerAI
datasets/lung_cancer/Malignant cases/Malignant case (453).jpg,Malignant,Malignant cases,Malignant case (453).jpg,LungCancerAI
datasets/lung_cancer/Malignant cases/Malignant case (454).jpg,Malignant,Malignant cases,Malignant case (454).jpg,LungCancerAI
datasets/lung_cancer/Malignant cases/Malignant case (455).jpg,Malignant,Malignant cases,Malignant case (455).jpg,LungCancerAI
datasets/lung_cancer/Malignant cases/Malignant case (456).jpg,Malignant,Malignant cases,Malignant case (456).jpg,LungCancerAI
datasets/lung_cancer/Malignant cases/Malignant case (457).jpg,Malignant,Malignant cases,Malignant case (457).jpg,LungCancerAI
datasets/lung_cancer/Malignant cases/Malignant case (458).jpg,Malignant,Malignant cases,Malignant case (458).jpg,LungCancerAI
datasets/lung_cancer/Malignant cases/Malignant case (459).jpg,Malignant,Malignant cases,Malignant case (459).jpg,LungCancerAI
datasets/lung_cancer/Malignant cases/Malignant case (46).jpg,Malignant,Malignant cases,Malignant case (46).jpg,LungCancerAI
datasets/lung_cancer/Malignant cases/Malignant case (460).jpg,Malignant,Malignant cases,Malignant case (460).jpg,LungCancerAI
datasets/lung_cancer/Malignant cases/Malignant case (461).jpg,Malignant,Malignant cases,Malignant case (461).jpg,LungCancerAI
datasets/lung_cancer/Malignant cases/Malignant case (462).jpg,Malignant,Malignant cases,Malignant case (462).jpg,LungCancerAI
datasets/lung_cancer/Malignant cases/Malignant case (463).jpg,Malignant,Malignant cases,Malignant case (463).jpg,LungCancerAI
datasets/lung_cancer/Malignant cases/Malignant case (464).jpg,Malignant,Malignant cases,Malignant case (464).jpg,LungCancerAI
datasets/lung_cancer/Malignant cases/Malignant case (465).jpg,Malignant,Malignant cases,Malignant case (465).jpg,LungCancerAI
datasets/lung_cancer/Malignant cases/Malignant case (466).jpg,Malignant,Malignant cases,Malignant case (466).jpg,LungCancerAI
datasets/lung_cancer/Malignant cases/Malignant case (467).jpg,Malignant,Malignant cases,Malignant case (467).jpg,LungCancerAI
datasets/lung_cancer/Malignant cases/Malignant case (468).jpg,Malignant,Malignant cases,Malignant case (468).jpg,LungCancerAI
datasets/lung_cancer/Malignant cases/Malignant case (469).jpg,Malignant,Malignant cases,Malignant case (469).jpg,LungCancerAI
datasets/lung_cancer/Malignant cases/Malignant case (47).jpg,Malignant,Malignant cases,Malignant case (47).jpg,LungCancerAI
datasets/lung_cancer/Malignant cases/Malignant case (470).jpg,Malignant,Malignant cases,Malignant case (470).jpg,LungCancerAI
datasets/lung_cancer/Malignant cases/Malignant case (471).jpg,Malignant,Malignant cases,Malignant case (471).jpg,LungCancerAI
datasets/lung_cancer/Malignant cases/Malignant case (472).jpg,Malignant,Malignant cases,Malignant case (472).jpg,LungCancerAI
datasets/lung_cancer/Malignant cases/Malignant case (473).jpg,Malignant,Malignant cases,Malignant case (473).jpg,LungCancerAI
datasets/lung_cancer/Malignant cases/Malignant case (474).jpg,Malignant,Malignant cases,Malignant case (474).jpg,LungCancerAI
datasets/lung_cancer/Malignant cases/Malignant case (475).jpg,Malignant,Malignant cases,Malignant case (475).jpg,LungCancerAI
datasets/lung_cancer/Malignant cases/Malignant case (476).jpg,Malignant,Malignant cases,Malignant case (476).jpg,LungCancerAI
datasets/lung_cancer/Malignant cases/Malignant case (477).jpg,Malignant,Malignant cases,Malignant case (477).jpg,LungCancerAI
datasets/lung_cancer/Malignant cases/Malignant case (478).jpg,Malignant,Malignant cases,Malignant case (478).jpg,LungCancerAI
datasets/lung_cancer/Malignant cases/Malignant case (479).jpg,Malignant,Malignant cases,Malignant case (479).jpg,LungCancerAI
datasets/lung_cancer/Malignant cases/Malignant case (48).jpg,Malignant,Malignant cases,Malignant case (48).jpg,LungCancerAI
datasets/lung_cancer/Malignant cases/Malignant case (480).jpg,Malignant,Malignant cases,Malignant case (480).jpg,LungCancerAI
datasets/lung_cancer/Malignant cases/Malignant case (481).jpg,Malignant,Malignant cases,Malignant case (481).jpg,LungCancerAI
datasets/lung_cancer/Malignant cases/Malignant case (482).jpg,Malignant,Malignant cases,Malignant case (482).jpg,LungCancerAI
datasets/lung_cancer/Malignant cases/Malignant case (483).jpg,Malignant,Malignant cases,Malignant case (483).jpg,LungCancerAI
datasets/lung_cancer/Malignant cases/Malignant case (484).jpg,Malignant,Malignant cases,Malignant case (484).jpg,LungCancerAI
datasets/lung_cancer/Malignant cases/Malignant case (485).jpg,Malignant,Malignant cases,Malignant case (485).jpg,LungCancerAI
datasets/lung_cancer/Malignant cases/Malignant case (486).jpg,Malignant,Malignant cases,Malignant case (486).jpg,LungCancerAI
datasets/lung_cancer/Malignant cases/Malignant case (487).jpg,Malignant,Malignant cases,Malignant case (487).jpg,LungCancerAI
datasets/lung_cancer/Malignant cases/Malignant case (488).jpg,Malignant,Malignant cases,Malignant case (488).jpg,LungCancerAI
datasets/lung_cancer/Malignant cases/Malignant case (489).jpg,Malignant,Malignant cases,Malignant case (489).jpg,LungCancerAI
datasets/lung_cancer/Malignant cases/Malignant case (49).jpg,Malignant,Malignant cases,Malignant case (49).jpg,LungCancerAI
datasets/lung_cancer/Malignant cases/Malignant case (490).jpg,Malignant,Malignant cases,Malignant case (490).jpg,LungCancerAI
datasets/lung_cancer/Malignant cases/Malignant case (491).jpg,Malignant,Malignant cases,Malignant case (491).jpg,LungCancerAI
datasets/lung_cancer/Malignant cases/Malignant case (492).jpg,Malignant,Malignant cases,Malignant case (492).jpg,LungCancerAI
datasets/lung_cancer/Malignant cases/Malignant case (493).jpg,Malignant,Malignant cases,Malignant case (493).jpg,LungCancerAI
datasets/lung_cancer/Malignant cases/Malignant case (494).jpg,Malignant,Malignant cases,Malignant case (494).jpg,LungCancerAI
datasets/lung_cancer/Malignant cases/Malignant case (495).jpg,Malignant,Malignant cases,Malignant case (495).jpg,LungCancerAI
datasets/lung_cancer/Malignant cases/Malignant case (496).jpg,Malignant,Malignant cases,Malignant case (496).jpg,LungCancerAI
datasets/lung_cancer/Malignant cases/Malignant case (497).jpg,Malignant,Malignant cases,Malignant case (497).jpg,LungCancerAI
datasets/lung_cancer/Malignant cases/Malignant case (498).jpg,Malignant,Malignant cases,Malignant case (498).jpg,LungCancerAI
datasets/lung_cancer/Malignant cases/Malignant case (499).jpg,Malignant,Malignant cases,Malignant case (499).jpg,LungCancerAI
datasets/lung_cancer/Malignant cases/Malignant case (5).jpg,Malignant,Malignant cases,Malignant case (5).jpg,LungCancerAI
datasets/lung_cancer/Malignant cases/Malignant case (50).jpg,Malignant,Malignant cases,Malignant case (50).jpg,LungCancerAI
datasets/lung_cancer/Malignant cases/Malignant case (500).jpg,Malignant,Malignant cases,Malignant case (500).jpg,LungCancerAI
datasets/lung_cancer/Malignant cases/Malignant case (501).jpg,Malignant,Malignant cases,Malignant case (501).jpg,LungCancerAI
datasets/lung_cancer/Malignant cases/Malignant case (502).jpg,Malignant,Malignant cases,Malignant case (502).jpg,LungCancerAI
datasets/lung_cancer/Malignant cases/Malignant case (503).jpg,Malignant,Malignant cases,Malignant case (503).jpg,LungCancerAI
datasets/lung_cancer/Malignant cases/Malignant case (504).jpg,Malignant,Malignant cases,Malignant case (504).jpg,LungCancerAI
datasets/lung_cancer/Malignant cases/Malignant case (505).jpg,Malignant,Malignant cases,Malignant case (505).jpg,LungCancerAI
datasets/lung_cancer/Malignant cases/Malignant case (506).jpg,Malignant,Malignant cases,Malignant case (506).jpg,LungCancerAI
datasets/lung_cancer/Malignant cases/Malignant case (507).jpg,Malignant,Malignant cases,Malignant case (507).jpg,LungCancerAI
datasets/lung_cancer/Malignant cases/Malignant case (508).jpg,Malignant,Malignant cases,Malignant case (508).jpg,LungCancerAI
datasets/lung_cancer/Malignant cases/Malignant case (509).jpg,Malignant,Malignant cases,Malignant case (509).jpg,LungCancerAI
datasets/lung_cancer/Malignant cases/Malignant case (51).jpg,Malignant,Malignant cases,Malignant case (51).jpg,LungCancerAI
datasets/lung_cancer/Malignant cases/Malignant case (510).jpg,Malignant,Malignant cases,Malignant case (510).jpg,LungCancerAI
datasets/lung_cancer/Malignant cases/Malignant case (511).jpg,Malignant,Malignant cases,Malignant case (511).jpg,LungCancerAI
datasets/lung_cancer/Malignant cases/Malignant case (512).jpg,Malignant,Malignant cases,Malignant case (512).jpg,LungCancerAI
datasets/lung_cancer/Malignant cases/Malignant case (513).jpg,Malignant,Malignant cases,Malignant case (513).jpg,LungCancerAI
datasets/lung_cancer/Malignant cases/Malignant case (514).jpg,Malignant,Malignant cases,Malignant case (514).jpg,LungCancerAI
datasets/lung_cancer/Malignant cases/Malignant case (515).jpg,Malignant,Malignant cases,Malignant case (515).jpg,LungCancerAI
datasets/lung_cancer/Malignant cases/Malignant case (516).jpg,Malignant,Malignant cases,Malignant case (516).jpg,LungCancerAI
datasets/lung_cancer/Malignant cases/Malignant case (517).jpg,Malignant,Malignant cases,Malignant case (517).jpg,LungCancerAI
datasets/lung_cancer/Malignant cases/Malignant case (518).jpg,Malignant,Malignant cases,Malignant case (518).jpg,LungCancerAI
datasets/lung_cancer/Malignant cases/Malignant case (519).jpg,Malignant,Malignant cases,Malignant case (519).jpg,LungCancerAI
datasets/lung_cancer/Malignant cases/Malignant case (52).jpg,Malignant,Malignant cases,Malignant case (52).jpg,LungCancerAI
datasets/lung_cancer/Malignant cases/Malignant case (520).jpg,Malignant,Malignant cases,Malignant case (520).jpg,LungCancerAI
datasets/lung_cancer/Malignant cases/Malignant case (521).jpg,Malignant,Malignant cases,Malignant case (521).jpg,LungCancerAI
datasets/lung_cancer/Malignant cases/Malignant case (522).jpg,Malignant,Malignant cases,Malignant case (522).jpg,LungCancerAI
datasets/lung_cancer/Malignant cases/Malignant case (523).jpg,Malignant,Malignant cases,Malignant case (523).jpg,LungCancerAI
datasets/lung_cancer/Malignant cases/Malignant case (524).jpg,Malignant,Malignant cases,Malignant case (524).jpg,LungCancerAI
datasets/lung_cancer/Malignant cases/Malignant case (525).jpg,Malignant,Malignant cases,Malignant case (525).jpg,LungCancerAI
datasets/lung_cancer/Malignant cases/Malignant case (526).jpg,Malignant,Malignant cases,Malignant case (526).jpg,LungCancerAI
datasets/lung_cancer/Malignant cases/Malignant case (527).jpg,Malignant,Malignant cases,Malignant case (527).jpg,LungCancerAI
datasets/lung_cancer/Malignant cases/Malignant case (528).jpg,Malignant,Malignant cases,Malignant case (528).jpg,LungCancerAI
datasets/lung_cancer/Malignant cases/Malignant case (529).jpg,Malignant,Malignant cases,Malignant case (529).jpg,LungCancerAI
datasets/lung_cancer/Malignant cases/Malignant case (53).jpg,Malignant,Malignant cases,Malignant case (53).jpg,LungCancerAI
datasets/lung_cancer/Malignant cases/Malignant case (530).jpg,Malignant,Malignant cases,Malignant case (530).jpg,LungCancerAI
datasets/lung_cancer/Malignant cases/Malignant case (531).jpg,Malignant,Malignant cases,Malignant case (531).jpg,LungCancerAI
datasets/lung_cancer/Malignant cases/Malignant case (532).jpg,Malignant,Malignant cases,Malignant case (532).jpg,LungCancerAI
datasets/lung_cancer/Malignant cases/Malignant case (533).jpg,Malignant,Malignant cases,Malignant case (533).jpg,LungCancerAI
datasets/lung_cancer/Malignant cases/Malignant case (534).jpg,Malignant,Malignant cases,Malignant case (534).jpg,LungCancerAI
datasets/lung_cancer/Malignant cases/Malignant case (535).jpg,Malignant,Malignant cases,Malignant case (535).jpg,LungCancerAI
datasets/lung_cancer/Malignant cases/Malignant case (536).jpg,Malignant,Malignant cases,Malignant case (536).jpg,LungCancerAI
datasets/lung_cancer/Malignant cases/Malignant case (537).jpg,Malignant,Malignant cases,Malignant case (537).jpg,LungCancerAI
datasets/lung_cancer/Malignant cases/Malignant case (538).jpg,Malignant,Malignant cases,Malignant case (538).jpg,LungCancerAI
datasets/lung_cancer/Malignant cases/Malignant case (539).jpg,Malignant,Malignant cases,Malignant case (539).jpg,LungCancerAI
datasets/lung_cancer/Malignant cases/Malignant case (54).jpg,Malignant,Malignant cases,Malignant case (54).jpg,LungCancerAI
datasets/lung_cancer/Malignant cases/Malignant case (540).jpg,Malignant,Malignant cases,Malignant case (540).jpg,LungCancerAI
datasets/lung_cancer/Malignant cases/Malignant case (541).jpg,Malignant,Malignant cases,Malignant case (541).jpg,LungCancerAI
datasets/lung_cancer/Malignant cases/Malignant case (542).jpg,Malignant,Malignant cases,Malignant case (542).jpg,LungCancerAI
datasets/lung_cancer/Malignant cases/Malignant case (543).jpg,Malignant,Malignant cases,Malignant case (543).jpg,LungCancerAI
datasets/lung_cancer/Malignant cases/Malignant case (544).jpg,Malignant,Malignant cases,Malignant case (544).jpg,LungCancerAI
datasets/lung_cancer/Malignant cases/Malignant case (545).jpg,Malignant,Malignant cases,Malignant case (545).jpg,LungCancerAI
datasets/lung_cancer/Malignant cases/Malignant case (546).jpg,Malignant,Malignant cases,Malignant case (546).jpg,LungCancerAI
datasets/lung_cancer/Malignant cases/Malignant case (547).jpg,Malignant,Malignant cases,Malignant case (547).jpg,LungCancerAI
datasets/lung_cancer/Malignant cases/Malignant case (548).jpg,Malignant,Malignant cases,Malignant case (548).jpg,LungCancerAI
datasets/lung_cancer/Malignant cases/Malignant case (549).jpg,Malignant,Malignant cases,Malignant case (549).jpg,LungCancerAI
datasets/lung_cancer/Malignant cases/Malignant case (55).jpg,Malignant,Malignant cases,Malignant case (55).jpg,LungCancerAI
datasets/lung_cancer/Malignant cases/Malignant case (550).jpg,Malignant,Malignant cases,Malignant case (550).jpg,LungCancerAI
datasets/lung_cancer/Malignant cases/Malignant case (551).jpg,Malignant,Malignant cases,Malignant case (551).jpg,LungCancerAI
datasets/lung_cancer/Malignant cases/Malignant case (552).jpg,Malignant,Malignant cases,Malignant case (552).jpg,LungCancerAI
datasets/lung_cancer/Malignant cases/Malignant case (553).jpg,Malignant,Malignant cases,Malignant case (553).jpg,LungCancerAI
datasets/lung_cancer/Malignant cases/Malignant case (554).jpg,Malignant,Malignant cases,Malignant case (554).jpg,LungCancerAI
datasets/lung_cancer/Malignant cases/Malignant case (555).jpg,Malignant,Malignant cases,Malignant case (555).jpg,LungCancerAI
datasets/lung_cancer/Malignant cases/Malignant case (556).jpg,Malignant,Malignant cases,Malignant case (556).jpg,LungCancerAI
datasets/lung_cancer/Malignant cases/Malignant case (557).jpg,Malignant,Malignant cases,Malignant case (557).jpg,LungCancerAI
datasets/lung_cancer/Malignant cases/Malignant case (558).jpg,Malignant,Malignant cases,Malignant case (558).jpg,LungCancerAI
datasets/lung_cancer/Malignant cases/Malignant case (559).jpg,Malignant,Malignant cases,Malignant case (559).jpg,LungCancerAI
datasets/lung_cancer/Malignant cases/Malignant case (56).jpg,Malignant,Malignant cases,Malignant case (56).jpg,LungCancerAI
datasets/lung_cancer/Malignant cases/Malignant case (560).jpg,Malignant,Malignant cases,Malignant case (560).jpg,LungCancerAI
datasets/lung_cancer/Malignant cases/Malignant case (561).jpg,Malignant,Malignant cases,Malignant case (561).jpg,LungCancerAI
datasets/lung_cancer/Malignant cases/Malignant case (57).jpg,Malignant,Malignant cases,Malignant case (57).jpg,LungCancerAI
datasets/lung_cancer/Malignant cases/Malignant case (58).jpg,Malignant,Malignant cases,Malignant case (58).jpg,LungCancerAI
datasets/lung_cancer/Malignant cases/Malignant case (59).jpg,Malignant,Malignant cases,Malignant case (59).jpg,LungCancerAI
datasets/lung_cancer/Malignant cases/Malignant case (6).jpg,Malignant,Malignant cases,Malignant case (6).jpg,LungCancerAI
datasets/lung_cancer/Malignant cases/Malignant case (60).jpg,Malignant,Malignant cases,Malignant case (60).jpg,LungCancerAI
datasets/lung_cancer/Malignant cases/Malignant case (61).jpg,Malignant,Malignant cases,Malignant case (61).jpg,LungCancerAI
datasets/lung_cancer/Malignant cases/Malignant case (62).jpg,Malignant,Malignant cases,Malignant case (62).jpg,LungCancerAI
datasets/lung_cancer/Malignant cases/Malignant case (63).jpg,Malignant,Malignant cases,Malignant case (63).jpg,LungCancerAI
datasets/lung_cancer/Malignant cases/Malignant case (64).jpg,Malignant,Malignant cases,Malignant case (64).jpg,LungCancerAI
datasets/lung_cancer/Malignant cases/Malignant case (65).jpg,Malignant,Malignant cases,Malignant case (65).jpg,LungCancerAI
datasets/lung_cancer/Malignant cases/Malignant case (66).jpg,Malignant,Malignant cases,Malignant case (66).jpg,LungCancerAI
datasets/lung_cancer/Malignant cases/Malignant case (67).jpg,Malignant,Malignant cases,Malignant case (67).jpg,LungCancerAI
datasets/lung_cancer/Malignant cases/Malignant case (68).jpg,Malignant,Malignant cases,Malignant case (68).jpg,LungCancerAI
datasets/lung_cancer/Malignant cases/Malignant case (69).jpg,Malignant,Malignant cases,Malignant case (69).jpg,LungCancerAI
datasets/lung_cancer/Malignant cases/Malignant case (7).jpg,Malignant,Malignant cases,Malignant case (7).jpg,LungCancerAI
datasets/lung_cancer/Malignant cases/Malignant case (70).jpg,Malignant,Malignant cases,Malignant case (70).jpg,LungCancerAI
datasets/lung_cancer/Malignant cases/Malignant case (71).jpg,Malignant,Malignant cases,Malignant case (71).jpg,LungCancerAI
datasets/lung_cancer/Malignant cases/Malignant case (72).jpg,Malignant,Malignant cases,Malignant case (72).jpg,LungCancerAI
datasets/lung_cancer/Malignant cases/Malignant case (73).jpg,Malignant,Malignant cases,Malignant case (73).jpg,LungCancerAI
datasets/lung_cancer/Malignant cases/Malignant case (74).jpg,Malignant,Malignant cases,Malignant case (74).jpg,LungCancerAI
datasets/lung_cancer/Malignant cases/Malignant case (75).jpg,Malignant,Malignant cases,Malignant case (75).jpg,LungCancerAI
datasets/lung_cancer/Malignant cases/Malignant case (76).jpg,Malignant,Malignant cases,Malignant case (76).jpg,LungCancerAI
datasets/lung_cancer/Malignant cases/Malignant case (77).jpg,Malignant,Malignant cases,Malignant case (77).jpg,LungCancerAI
datasets/lung_cancer/Malignant cases/Malignant case (78).jpg,Malignant,Malignant cases,Malignant case (78).jpg,LungCancerAI
datasets/lung_cancer/Malignant cases/Malignant case (79).jpg,Malignant,Malignant cases,Malignant case (79).jpg,LungCancerAI
datasets/lung_cancer/Malignant cases/Malignant case (8).jpg,Malignant,Malignant cases,Malignant case (8).jpg,LungCancerAI
datasets/lung_cancer/Malignant cases/Malignant case (80).jpg,Malignant,Malignant cases,Malignant case (80).jpg,LungCancerAI
datasets/lung_cancer/Malignant cases/Malignant case (81).jpg,Malignant,Malignant cases,Malignant case (81).jpg,LungCancerAI
datasets/lung_cancer/Malignant cases/Malignant case (82).jpg,Malignant,Malignant cases,Malignant case (82).jpg,LungCancerAI
datasets/lung_cancer/Malignant cases/Malignant case (83).jpg,Malignant,Malignant cases,Malignant case (83).jpg,LungCancerAI
datasets/lung_cancer/Malignant cases/Malignant case (84).jpg,Malignant,Malignant cases,Malignant case (84).jpg,LungCancerAI
datasets/lung_cancer/Malignant cases/Malignant case (85).jpg,Malignant,Malignant cases,Malignant case (85).jpg,LungCancerAI
datasets/lung_cancer/Malignant cases/Malignant case (86).jpg,Malignant,Malignant cases,Malignant case (86).jpg,LungCancerAI
datasets/lung_cancer/Malignant cases/Malignant case (87).jpg,Malignant,Malignant cases,Malignant case (87).jpg,LungCancerAI
datasets/lung_cancer/Malignant cases/Malignant case (88).jpg,Malignant,Malignant cases,Malignant case (88).jpg,LungCancerAI
datasets/lung_cancer/Malignant cases/Malignant case (89).jpg,Malignant,Malignant cases,Malignant case (89).jpg,LungCancerAI
datasets/lung_cancer/Malignant cases/Malignant case (9).jpg,Malignant,Malignant cases,Malignant case (9).jpg,LungCancerAI
datasets/lung_cancer/Malignant cases/Malignant case (90).jpg,Malignant,Malignant cases,Malignant case (90).jpg,LungCancerAI
datasets/lung_cancer/Malignant cases/Malignant case (91).jpg,Malignant,Malignant cases,Malignant case (91).jpg,LungCancerAI
datasets/lung_cancer/Malignant cases/Malignant case (92).jpg,Malignant,Malignant cases,Malignant case (92).jpg,LungCancerAI
datasets/lung_cancer/Malignant cases/Malignant case (93).jpg,Malignant,Malignant cases,Malignant case (93).jpg,LungCancerAI
datasets/lung_cancer/Malignant cases/Malignant case (94).jpg,Malignant,Malignant cases,Malignant case (94).jpg,LungCancerAI
datasets/lung_cancer/Malignant cases/Malignant case (95).jpg,Malignant,Malignant cases,Malignant case (95).jpg,LungCancerAI
datasets/lung_cancer/Malignant cases/Malignant case (96).jpg,Malignant,Malignant cases,Malignant case (96).jpg,LungCancerAI
datasets/lung_cancer/Malignant cases/Malignant case (97).jpg,Malignant,Malignant cases,Malignant case (97).jpg,LungCancerAI
datasets/lung_cancer/Malignant cases/Malignant case (98).jpg,Malignant,Malignant cases,Malignant case (98).jpg,LungCancerAI
datasets/lung_cancer/Malignant cases/Malignant case (99).jpg,Malignant,Malignant cases,Malignant case (99).jpg,LungCancerAI
datasets/lung_cancer/Normal cases/Normal case (1).jpg,Normal,Normal cases,Normal case (1).jpg,LungCancerAI
datasets/lung_cancer/Normal cases/Normal case (10).jpg,Normal,Normal cases,Normal case (10).jpg,LungCancerAI
datasets/lung_cancer/Normal cases/Normal case (100).jpg,Normal,Normal cases,Normal case (100).jpg,LungCancerAI
datasets/lung_cancer/Normal cases/Normal case (101).jpg,Normal,Normal cases,Normal case (101).jpg,LungCancerAI
datasets/lung_cancer/Normal cases/Normal case (102).jpg,Normal,Normal cases,Normal case (102).jpg,LungCancerAI
datasets/lung_cancer/Normal cases/Normal case (103).jpg,Normal,Normal cases,Normal case (103).jpg,LungCancerAI
datasets/lung_cancer/Normal cases/Normal case (104).jpg,Normal,Normal cases,Normal case (104).jpg,LungCancerAI
datasets/lung_cancer/Normal cases/Normal case (105).jpg,Normal,Normal cases,Normal case (105).jpg,LungCancerAI
datasets/lung_cancer/Normal cases/Normal case (106).jpg,Normal,Normal cases,Normal case (106).jpg,LungCancerAI
datasets/lung_cancer/Normal cases/Normal case (107).jpg,Normal,Normal cases,Normal case (107).jpg,LungCancerAI
datasets/lung_cancer/Normal cases/Normal case (108).jpg,Normal,Normal cases,Normal case (108).jpg,LungCancerAI
datasets/lung_cancer/Normal cases/Normal case (109).jpg,Normal,Normal cases,Normal case (109).jpg,LungCancerAI
datasets/lung_cancer/Normal cases/Normal case (11).jpg,Normal,Normal cases,Normal case (11).jpg,LungCancerAI
datasets/lung_cancer/Normal cases/Normal case (110).jpg,Normal,Normal cases,Normal case (110).jpg,LungCancerAI
datasets/lung_cancer/Normal cases/Normal case (111).jpg,Normal,Normal cases,Normal case (111).jpg,LungCancerAI
datasets/lung_cancer/Normal cases/Normal case (112).jpg,Normal,Normal cases,Normal case (112).jpg,LungCancerAI
datasets/lung_cancer/Normal cases/Normal case (113).jpg,Normal,Normal cases,Normal case (113).jpg,LungCancerAI
datasets/lung_cancer/Normal cases/Normal case (114).jpg,Normal,Normal cases,Normal case (114).jpg,LungCancerAI
datasets/lung_cancer/Normal cases/Normal case (115).jpg,Normal,Normal cases,Normal case (115).jpg,LungCancerAI
datasets/lung_cancer/Normal cases/Normal case (116).jpg,Normal,Normal cases,Normal case (116).jpg,LungCancerAI
datasets/lung_cancer/Normal cases/Normal case (117).jpg,Normal,Normal cases,Normal case (117).jpg,LungCancerAI
datasets/lung_cancer/Normal cases/Normal case (118).jpg,Normal,Normal cases,Normal case (118).jpg,LungCancerAI
datasets/lung_cancer/Normal cases/Normal case (119).jpg,Normal,Normal cases,Normal case (119).jpg,LungCancerAI
datasets/lung_cancer/Normal cases/Normal case (12).jpg,Normal,Normal cases,Normal case (12).jpg,LungCancerAI
datasets/lung_cancer/Normal cases/Normal case (120).jpg,Normal,Normal cases,Normal case (120).jpg,LungCancerAI
datasets/lung_cancer/Normal cases/Normal case (121).jpg,Normal,Normal cases,Normal case (121).jpg,LungCancerAI
datasets/lung_cancer/Normal cases/Normal case (122).jpg,Normal,Normal cases,Normal case (122).jpg,LungCancerAI
datasets/lung_cancer/Normal cases/Normal case (123).jpg,Normal,Normal cases,Normal case (123).jpg,LungCancerAI
datasets/lung_cancer/Normal cases/Normal case (124).jpg,Normal,Normal cases,Normal case (124).jpg,LungCancerAI
datasets/lung_cancer/Normal cases/Normal case (125).jpg,Normal,Normal cases,Normal case (125).jpg,LungCancerAI
datasets/lung_cancer/Normal cases/Normal case (126).jpg,Normal,Normal cases,Normal case (126).jpg,LungCancerAI
datasets/lung_cancer/Normal cases/Normal case (127).jpg,Normal,Normal cases,Normal case (127).jpg,LungCancerAI
datasets/lung_cancer/Normal cases/Normal case (128).jpg,Normal,Normal cases,Normal case (128).jpg,LungCancerAI
datasets/lung_cancer/Normal cases/Normal case (129).jpg,Normal,Normal cases,Normal case (129).jpg,LungCancerAI
datasets/lung_cancer/Normal cases/Normal case (13).jpg,Normal,Normal cases,Normal case (13).jpg,LungCancerAI
datasets/lung_cancer/Normal cases/Normal case (130).jpg,Normal,Normal cases,Normal case (130).jpg,LungCancerAI
datasets/lung_cancer/Normal cases/Normal case (131).jpg,Normal,Normal cases,Normal case (131).jpg,LungCancerAI
datasets/lung_cancer/Normal cases/Normal case (132).jpg,Normal,Normal cases,Normal case (132).jpg,LungCancerAI
datasets/lung_cancer/Normal cases/Normal case (133).jpg,Normal,Normal cases,Normal case (133).jpg,LungCancerAI
datasets/lung_cancer/Normal cases/Normal case (134).jpg,Normal,Normal cases,Normal case (134).jpg,LungCancerAI
datasets/lung_cancer/Normal cases/Normal case (135).jpg,Normal,Normal cases,Normal case (135).jpg,LungCancerAI
datasets/lung_cancer/Normal cases/Normal case (136).jpg,Normal,Normal cases,Normal case (136).jpg,LungCancerAI
datasets/lung_cancer/Normal cases/Normal case (137).jpg,Normal,Normal cases,Normal case (137).jpg,LungCancerAI
datasets/lung_cancer/Normal cases/Normal case (138).jpg,Normal,Normal cases,Normal case (138).jpg,LungCancerAI
datasets/lung_cancer/Normal cases/Normal case (139).jpg,Normal,Normal cases,Normal case (139).jpg,LungCancerAI
datasets/lung_cancer/Normal cases/Normal case (14).jpg,Normal,Normal cases,Normal case (14).jpg,LungCancerAI
datasets/lung_cancer/Normal cases/Normal case (140).jpg,Normal,Normal cases,Normal case (140).jpg,LungCancerAI
datasets/lung_cancer/Normal cases/Normal case (141).jpg,Normal,Normal cases,Normal case (141).jpg,LungCancerAI
datasets/lung_cancer/Normal cases/Normal case (142).jpg,Normal,Normal cases,Normal case (142).jpg,LungCancerAI
datasets/lung_cancer/Normal cases/Normal case (143).jpg,Normal,Normal cases,Normal case (143).jpg,LungCancerAI
datasets/lung_cancer/Normal cases/Normal case (144).jpg,Normal,Normal cases,Normal case (144).jpg,LungCancerAI
datasets/lung_cancer/Normal cases/Normal case (145).jpg,Normal,Normal cases,Normal case (145).jpg,LungCancerAI
datasets/lung_cancer/Normal cases/Normal case (146).jpg,Normal,Normal cases,Normal case (146).jpg,LungCancerAI
datasets/lung_cancer/Normal cases/Normal case (147).jpg,Normal,Normal cases,Normal case (147).jpg,LungCancerAI
datasets/lung_cancer/Normal cases/Normal case (148).jpg,Normal,Normal cases,Normal case (148).jpg,LungCancerAI
datasets/lung_cancer/Normal cases/Normal case (149).jpg,Normal,Normal cases,Normal case (149).jpg,LungCancerAI
datasets/lung_cancer/Normal cases/Normal case (15).jpg,Normal,Normal cases,Normal case (15).jpg,LungCancerAI
datasets/lung_cancer/Normal cases/Normal case (150).jpg,Normal,Normal cases,Normal case (150).jpg,LungCancerAI
datasets/lung_cancer/Normal cases/Normal case (151).jpg,Normal,Normal cases,Normal case (151).jpg,LungCancerAI
datasets/lung_cancer/Normal cases/Normal case (152).jpg,Normal,Normal cases,Normal case (152).jpg,LungCancerAI
datasets/lung_cancer/Normal cases/Normal case (153).jpg,Normal,Normal cases,Normal case (153).jpg,LungCancerAI
datasets/lung_cancer/Normal cases/Normal case (154).jpg,Normal,Normal cases,Normal case (154).jpg,LungCancerAI
datasets/lung_cancer/Normal cases/Normal case (155).jpg,Normal,Normal cases,Normal case (155).jpg,LungCancerAI
datasets/lung_cancer/Normal cases/Normal case (156).jpg,Normal,Normal cases,Normal case (156).jpg,LungCancerAI
datasets/lung_cancer/Normal cases/Normal case (157).jpg,Normal,Normal cases,Normal case (157).jpg,LungCancerAI
datasets/lung_cancer/Normal cases/Normal case (158).jpg,Normal,Normal cases,Normal case (158).jpg,LungCancerAI
datasets/lung_cancer/Normal cases/Normal case (159).jpg,Normal,Normal cases,Normal case (159).jpg,LungCancerAI
datasets/lung_cancer/Normal cases/Normal case (16).jpg,Normal,Normal cases,Normal case (16).jpg,LungCancerAI
datasets/lung_cancer/Normal cases/Normal case (160).jpg,Normal,Normal cases,Normal case (160).jpg,LungCancerAI
datasets/lung_cancer/Normal cases/Normal case (161).jpg,Normal,Normal cases,Normal case (161).jpg,LungCancerAI
datasets/lung_cancer/Normal cases/Normal case (162).jpg,Normal,Normal cases,Normal case (162).jpg,LungCancerAI
datasets/lung_cancer/Normal cases/Normal case (163).jpg,Normal,Normal cases,Normal case (163).jpg,LungCancerAI
datasets/lung_cancer/Normal cases/Normal case (164).jpg,Normal,Normal cases,Normal case (164).jpg,LungCancerAI
datasets/lung_cancer/Normal cases/Normal case (165).jpg,Normal,Normal cases,Normal case (165).jpg,LungCancerAI
datasets/lung_cancer/Normal cases/Normal case (166).jpg,Normal,Normal cases,Normal case (166).jpg,LungCancerAI
datasets/lung_cancer/Normal cases/Normal case (167).jpg,Normal,Normal cases,Normal case (167).jpg,LungCancerAI
datasets/lung_cancer/Normal cases/Normal case (168).jpg,Normal,Normal cases,Normal case (168).jpg,LungCancerAI
datasets/lung_cancer/Normal cases/Normal case (169).jpg,Normal,Normal cases,Normal case (169).jpg,LungCancerAI
datasets/lung_cancer/Normal cases/Normal case (17).jpg,Normal,Normal cases,Normal case (17).jpg,LungCancerAI
datasets/lung_cancer/Normal cases/Normal case (170).jpg,Normal,Normal cases,Normal case (170).jpg,LungCancerAI
datasets/lung_cancer/Normal cases/Normal case (171).jpg,Normal,Normal cases,Normal case (171).jpg,LungCancerAI
datasets/lung_cancer/Normal cases/Normal case (172).jpg,Normal,Normal cases,Normal case (172).jpg,LungCancerAI
datasets/lung_cancer/Normal cases/Normal case (173).jpg,Normal,Normal cases,Normal case (173).jpg,LungCancerAI
datasets/lung_cancer/Normal cases/Normal case (174).jpg,Normal,Normal cases,Normal case (174).jpg,LungCancerAI
datasets/lung_cancer/Normal cases/Normal case (175).jpg,Normal,Normal cases,Normal case (175).jpg,LungCancerAI
datasets/lung_cancer/Normal cases/Normal case (176).jpg,Normal,Normal cases,Normal case (176).jpg,LungCancerAI
datasets/lung_cancer/Normal cases/Normal case (177).jpg,Normal,Normal cases,Normal case (177).jpg,LungCancerAI
datasets/lung_cancer/Normal cases/Normal case (178).jpg,Normal,Normal cases,Normal case (178).jpg,LungCancerAI
datasets/lung_cancer/Normal cases/Normal case (179).jpg,Normal,Normal cases,Normal case (179).jpg,LungCancerAI
datasets/lung_cancer/Normal cases/Normal case (18).jpg,Normal,Normal cases,Normal case (18).jpg,LungCancerAI
datasets/lung_cancer/Normal cases/Normal case (180).jpg,Normal,Normal cases,Normal case (180).jpg,LungCancerAI
datasets/lung_cancer/Normal cases/Normal case (181).jpg,Normal,Normal cases,Normal case (181).jpg,LungCancerAI
datasets/lung_cancer/Normal cases/Normal case (182).jpg,Normal,Normal cases,Normal case (182).jpg,LungCancerAI
datasets/lung_cancer/Normal cases/Normal case (183).jpg,Normal,Normal cases,Normal case (183).jpg,LungCancerAI
datasets/lung_cancer/Normal cases/Normal case (184).jpg,Normal,Normal cases,Normal case (184).jpg,LungCancerAI
datasets/lung_cancer/Normal cases/Normal case (185).jpg,Normal,Normal cases,Normal case (185).jpg,LungCancerAI
datasets/lung_cancer/Normal cases/Normal case (186).jpg,Normal,Normal cases,Normal case (186).jpg,LungCancerAI
datasets/lung_cancer/Normal cases/Normal case (187).jpg,Normal,Normal cases,Normal case (187).jpg,LungCancerAI
datasets/lung_cancer/Normal cases/Normal case (188).jpg,Normal,Normal cases,Normal case (188).jpg,LungCancerAI
datasets/lung_cancer/Normal cases/Normal case (189).jpg,Normal,Normal cases,Normal case (189).jpg,LungCancerAI
datasets/lung_cancer/Normal cases/Normal case (19).jpg,Normal,Normal cases,Normal case (19).jpg,LungCancerAI
datasets/lung_cancer/Normal cases/Normal case (190).jpg,Normal,Normal cases,Normal case (190).jpg,LungCancerAI
datasets/lung_cancer/Normal cases/Normal case (191).jpg,Normal,Normal cases,Normal case (191).jpg,LungCancerAI
datasets/lung_cancer/Normal cases/Normal case (192).jpg,Normal,Normal cases,Normal case (192).jpg,LungCancerAI
datasets/lung_cancer/Normal cases/Normal case (193).jpg,Normal,Normal cases,Normal case (193).jpg,LungCancerAI
datasets/lung_cancer/Normal cases/Normal case (194).jpg,Normal,Normal cases,Normal case (194).jpg,LungCancerAI
datasets/lung_cancer/Normal cases/Normal case (195).jpg,Normal,Normal cases,Normal case (195).jpg,LungCancerAI
datasets/lung_cancer/Normal cases/Normal case (196).jpg,Normal,Normal cases,Normal case (196).jpg,LungCancerAI
datasets/lung_cancer/Normal cases/Normal case (197).jpg,Normal,Normal cases,Normal case (197).jpg,LungCancerAI
datasets/lung_cancer/Normal cases/Normal case (198).jpg,Normal,Normal cases,Normal case (198).jpg,LungCancerAI
datasets/lung_cancer/Normal cases/Normal case (199).jpg,Normal,Normal cases,Normal case (199).jpg,LungCancerAI
datasets/lung_cancer/Normal cases/Normal case (2).jpg,Normal,Normal cases,Normal case (2).jpg,LungCancerAI
datasets/lung_cancer/Normal cases/Normal case (20).jpg,Normal,Normal cases,Normal case (20).jpg,LungCancerAI
datasets/lung_cancer/Normal cases/Normal case (200).jpg,Normal,Normal cases,Normal case (200).jpg,LungCancerAI
datasets/lung_cancer/Normal cases/Normal case (201).jpg,Normal,Normal cases,Normal case (201).jpg,LungCancerAI
datasets/lung_cancer/Normal cases/Normal case (202).jpg,Normal,Normal cases,Normal case (202).jpg,LungCancerAI
datasets/lung_cancer/Normal cases/Normal case (203).jpg,Normal,Normal cases,Normal case (203).jpg,LungCancerAI
datasets/lung_cancer/Normal cases/Normal case (204).jpg,Normal,Normal cases,Normal case (204).jpg,LungCancerAI
datasets/lung_cancer/Normal cases/Normal case (205).jpg,Normal,Normal cases,Normal case (205).jpg,LungCancerAI
datasets/lung_cancer/Normal cases/Normal case (206).jpg,Normal,Normal cases,Normal case (206).jpg,LungCancerAI
datasets/lung_cancer/Normal cases/Normal case (207).jpg,Normal,Normal cases,Normal case (207).jpg,LungCancerAI
datasets/lung_cancer/Normal cases/Normal case (208).jpg,Normal,Normal cases,Normal case (208).jpg,LungCancerAI
datasets/lung_cancer/Normal cases/Normal case (209).jpg,Normal,Normal cases,Normal case (209).jpg,LungCancerAI
datasets/lung_cancer/Normal cases/Normal case (21).jpg,Normal,Normal cases,Normal case (21).jpg,LungCancerAI
datasets/lung_cancer/Normal cases/Normal case (210).jpg,Normal,Normal cases,Normal case (210).jpg,LungCancerAI
datasets/lung_cancer/Normal cases/Normal case (211).jpg,Normal,Normal cases,Normal case (211).jpg,LungCancerAI
datasets/lung_cancer/Normal cases/Normal case (212).jpg,Normal,Normal cases,Normal case (212).jpg,LungCancerAI
datasets/lung_cancer/Normal cases/Normal case (213).jpg,Normal,Normal cases,Normal case (213).jpg,LungCancerAI
datasets/lung_cancer/Normal cases/Normal case (214).jpg,Normal,Normal cases,Normal case (214).jpg,LungCancerAI
datasets/lung_cancer/Normal cases/Normal case (215).jpg,Normal,Normal cases,Normal case (215).jpg,LungCancerAI
datasets/lung_cancer/Normal cases/Normal case (216).jpg,Normal,Normal cases,Normal case (216).jpg,LungCancerAI
datasets/lung_cancer/Normal cases/Normal case (217).jpg,Normal,Normal cases,Normal case (217).jpg,LungCancerAI
datasets/lung_cancer/Normal cases/Normal case (218).jpg,Normal,Normal cases,Normal case (218).jpg,LungCancerAI
datasets/lung_cancer/Normal cases/Normal case (219).jpg,Normal,Normal cases,Normal case (219).jpg,LungCancerAI
datasets/lung_cancer/Normal cases/Normal case (22).jpg,Normal,Normal cases,Normal case (22).jpg,LungCancerAI
datasets/lung_cancer/Normal cases/Normal case (220).jpg,Normal,Normal cases,Normal case (220).jpg,LungCancerAI
datasets/lung_cancer/Normal cases/Normal case (221).jpg,Normal,Normal cases,Normal case (221).jpg,LungCancerAI
datasets/lung_cancer/Normal cases/Normal case (222).jpg,Normal,Normal cases,Normal case (222).jpg,LungCancerAI
datasets/lung_cancer/Normal cases/Normal case (223).jpg,Normal,Normal cases,Normal case (223).jpg,LungCancerAI
datasets/lung_cancer/Normal cases/Normal case (224).jpg,Normal,Normal cases,Normal case (224).jpg,LungCancerAI
datasets/lung_cancer/Normal cases/Normal case (225).jpg,Normal,Normal cases,Normal case (225).jpg,LungCancerAI
datasets/lung_cancer/Normal cases/Normal case (226).jpg,Normal,Normal cases,Normal case (226).jpg,LungCancerAI
datasets/lung_cancer/Normal cases/Normal case (227).jpg,Normal,Normal cases,Normal case (227).jpg,LungCancerAI
datasets/lung_cancer/Normal cases/Normal case (228).jpg,Normal,Normal cases,Normal case (228).jpg,LungCancerAI
datasets/lung_cancer/Normal cases/Normal case (229).jpg,Normal,Normal cases,Normal case (229).jpg,LungCancerAI
datasets/lung_cancer/Normal cases/Normal case (23).jpg,Normal,Normal cases,Normal case (23).jpg,LungCancerAI
datasets/lung_cancer/Normal cases/Normal case (230).jpg,Normal,Normal cases,Normal case (230).jpg,LungCancerAI
datasets/lung_cancer/Normal cases/Normal case (231).jpg,Normal,Normal cases,Normal case (231).jpg,LungCancerAI
datasets/lung_cancer/Normal cases/Normal case (232).jpg,Normal,Normal cases,Normal case (232).jpg,LungCancerAI
datasets/lung_cancer/Normal cases/Normal case (233).jpg,Normal,Normal cases,Normal case (233).jpg,LungCancerAI
datasets/lung_cancer/Normal cases/Normal case (234).jpg,Normal,Normal cases,Normal case (234).jpg,LungCancerAI
datasets/lung_cancer/Normal cases/Normal case (235).jpg,Normal,Normal cases,Normal case (235).jpg,LungCancerAI
datasets/lung_cancer/Normal cases/Normal case (236).jpg,Normal,Normal cases,Normal case (236).jpg,LungCancerAI
datasets/lung_cancer/Normal cases/Normal case (237).jpg,Normal,Normal cases,Normal case (237).jpg,LungCancerAI
datasets/lung_cancer/Normal cases/Normal case (238).jpg,Normal,Normal cases,Normal case (238).jpg,LungCancerAI
datasets/lung_cancer/Normal cases/Normal case (239).jpg,Normal,Normal cases,Normal case (239).jpg,LungCancerAI
datasets/lung_cancer/Normal cases/Normal case (24).jpg,Normal,Normal cases,Normal case (24).jpg,LungCancerAI
datasets/lung_cancer/Normal cases/Normal case (240).jpg,Normal,Normal cases,Normal case (240).jpg,LungCancerAI
datasets/lung_cancer/Normal cases/Normal case (241).jpg,Normal,Normal cases,Normal case (241).jpg,LungCancerAI
datasets/lung_cancer/Normal cases/Normal case (242).jpg,Normal,Normal cases,Normal case (242).jpg,LungCancerAI
datasets/lung_cancer/Normal cases/Normal case (243).jpg,Normal,Normal cases,Normal case (243).jpg,LungCancerAI
datasets/lung_cancer/Normal cases/Normal case (244).jpg,Normal,Normal cases,Normal case (244).jpg,LungCancerAI
datasets/lung_cancer/Normal cases/Normal case (245).jpg,Normal,Normal cases,Normal case (245).jpg,LungCancerAI
datasets/lung_cancer/Normal cases/Normal case (246).jpg,Normal,Normal cases,Normal case (246).jpg,LungCancerAI
datasets/lung_cancer/Normal cases/Normal case (247).jpg,Normal,Normal cases,Normal case (247).jpg,LungCancerAI
datasets/lung_cancer/Normal cases/Normal case (248).jpg,Normal,Normal cases,Normal case (248).jpg,LungCancerAI
datasets/lung_cancer/Normal cases/Normal case (249).jpg,Normal,Normal cases,Normal case (249).jpg,LungCancerAI
datasets/lung_cancer/Normal cases/Normal case (25).jpg,Normal,Normal cases,Normal case (25).jpg,LungCancerAI
datasets/lung_cancer/Normal cases/Normal case (250).jpg,Normal,Normal cases,Normal case (250).jpg,LungCancerAI
datasets/lung_cancer/Normal cases/Normal case (251).jpg,Normal,Normal cases,Normal case (251).jpg,LungCancerAI
datasets/lung_cancer/Normal cases/Normal case (252).jpg,Normal,Normal cases,Normal case (252).jpg,LungCancerAI
datasets/lung_cancer/Normal cases/Normal case (253).jpg,Normal,Normal cases,Normal case (253).jpg,LungCancerAI
datasets/lung_cancer/Normal cases/Normal case (254).jpg,Normal,Normal cases,Normal case (254).jpg,LungCancerAI
datasets/lung_cancer/Normal cases/Normal case (255).jpg,Normal,Normal cases,Normal case (255).jpg,LungCancerAI
datasets/lung_cancer/Normal cases/Normal case (256).jpg,Normal,Normal cases,Normal case (256).jpg,LungCancerAI
datasets/lung_cancer/Normal cases/Normal case (257).jpg,Normal,Normal cases,Normal case (257).jpg,LungCancerAI
datasets/lung_cancer/Normal cases/Normal case (258).jpg,Normal,Normal cases,Normal case (258).jpg,LungCancerAI
datasets/lung_cancer/Normal cases/Normal case (259).jpg,Normal,Normal cases,Normal case (259).jpg,LungCancerAI
datasets/lung_cancer/Normal cases/Normal case (26).jpg,Normal,Normal cases,Normal case (26).jpg,LungCancerAI
datasets/lung_cancer/Normal cases/Normal case (260).jpg,Normal,Normal cases,Normal case (260).jpg,LungCancerAI
datasets/lung_cancer/Normal cases/Normal case (261).jpg,Normal,Normal cases,Normal case (261).jpg,LungCancerAI
datasets/lung_cancer/Normal cases/Normal case (262).jpg,Normal,Normal cases,Normal case (262).jpg,LungCancerAI
datasets/lung_cancer/Normal cases/Normal case (263).jpg,Normal,Normal cases,Normal case (263).jpg,LungCancerAI
datasets/lung_cancer/Normal cases/Normal case (264).jpg,Normal,Normal cases,Normal case (264).jpg,LungCancerAI
datasets/lung_cancer/Normal cases/Normal case (265).jpg,Normal,Normal cases,Normal case (265).jpg,LungCancerAI
datasets/lung_cancer/Normal cases/Normal case (266).jpg,Normal,Normal cases,Normal case (266).jpg,LungCancerAI
datasets/lung_cancer/Normal cases/Normal case (267).jpg,Normal,Normal cases,Normal case (267).jpg,LungCancerAI
datasets/lung_cancer/Normal cases/Normal case (268).jpg,Normal,Normal cases,Normal case (268).jpg,LungCancerAI
datasets/lung_cancer/Normal cases/Normal case (269).jpg,Normal,Normal cases,Normal case (269).jpg,LungCancerAI
datasets/lung_cancer/Normal cases/Normal case (27).jpg,Normal,Normal cases,Normal case (27).jpg,LungCancerAI
datasets/lung_cancer/Normal cases/Normal case (270).jpg,Normal,Normal cases,Normal case (270).jpg,LungCancerAI
datasets/lung_cancer/Normal cases/Normal case (271).jpg,Normal,Normal cases,Normal case (271).jpg,LungCancerAI
datasets/lung_cancer/Normal cases/Normal case (272).jpg,Normal,Normal cases,Normal case (272).jpg,LungCancerAI
datasets/lung_cancer/Normal cases/Normal case (273).jpg,Normal,Normal cases,Normal case (273).jpg,LungCancerAI
datasets/lung_cancer/Normal cases/Normal case (274).jpg,Normal,Normal cases,Normal case (274).jpg,LungCancerAI
datasets/lung_cancer/Normal cases/Normal case (275).jpg,Normal,Normal cases,Normal case (275).jpg,LungCancerAI
datasets/lung_cancer/Normal cases/Normal case (276).jpg,Normal,Normal cases,Normal case (276).jpg,LungCancerAI
datasets/lung_cancer/Normal cases/Normal case (277).jpg,Normal,Normal cases,Normal case (277).jpg,LungCancerAI
datasets/lung_cancer/Normal cases/Normal case (278).jpg,Normal,Normal cases,Normal case (278).jpg,LungCancerAI
datasets/lung_cancer/Normal cases/Normal case (279).jpg,Normal,Normal cases,Normal case (279).jpg,LungCancerAI
datasets/lung_cancer/Normal cases/Normal case (28).jpg,Normal,Normal cases,Normal case (28).jpg,LungCancerAI
datasets/lung_cancer/Normal cases/Normal case (280).jpg,Normal,Normal cases,Normal case (280).jpg,LungCancerAI
datasets/lung_cancer/Normal cases/Normal case (281).jpg,Normal,Normal cases,Normal case (281).jpg,LungCancerAI
datasets/lung_cancer/Normal cases/Normal case (282).jpg,Normal,Normal cases,Normal case (282).jpg,LungCancerAI
datasets/lung_cancer/Normal cases/Normal case (283).jpg,Normal,Normal cases,Normal case (283).jpg,LungCancerAI
datasets/lung_cancer/Normal cases/Normal case (284).jpg,Normal,Normal cases,Normal case (284).jpg,LungCancerAI
datasets/lung_cancer/Normal cases/Normal case (285).jpg,Normal,Normal cases,Normal case (285).jpg,LungCancerAI
datasets/lung_cancer/Normal cases/Normal case (286).jpg,Normal,Normal cases,Normal case (286).jpg,LungCancerAI
datasets/lung_cancer/Normal cases/Normal case (287).jpg,Normal,Normal cases,Normal case (287).jpg,LungCancerAI
datasets/lung_cancer/Normal cases/Normal case (288).jpg,Normal,Normal cases,Normal case (288).jpg,LungCancerAI
datasets/lung_cancer/Normal cases/Normal case (289).jpg,Normal,Normal cases,Normal case (289).jpg,LungCancerAI
datasets/lung_cancer/Normal cases/Normal case (29).jpg,Normal,Normal cases,Normal case (29).jpg,LungCancerAI
datasets/lung_cancer/Normal cases/Normal case (290).jpg,Normal,Normal cases,Normal case (290).jpg,LungCancerAI
datasets/lung_cancer/Normal cases/Normal case (291).jpg,Normal,Normal cases,Normal case (291).jpg,LungCancerAI
datasets/lung_cancer/Normal cases/Normal case (292).jpg,Normal,Normal cases,Normal case (292).jpg,LungCancerAI
datasets/lung_cancer/Normal cases/Normal case (293).jpg,Normal,Normal cases,Normal case (293).jpg,LungCancerAI
datasets/lung_cancer/Normal cases/Normal case (294).jpg,Normal,Normal cases,Normal case (294).jpg,LungCancerAI
datasets/lung_cancer/Normal cases/Normal case (295).jpg,Normal,Normal cases,Normal case (295).jpg,LungCancerAI
datasets/lung_cancer/Normal cases/Normal case (296).jpg,Normal,Normal cases,Normal case (296).jpg,LungCancerAI
datasets/lung_cancer/Normal cases/Normal case (297).jpg,Normal,Normal cases,Normal case (297).jpg,LungCancerAI
datasets/lung_cancer/Normal cases/Normal case (298).jpg,Normal,Normal cases,Normal case (298).jpg,LungCancerAI
datasets/lung_cancer/Normal cases/Normal case (299).jpg,Normal,Normal cases,Normal case (299).jpg,LungCancerAI
datasets/lung_cancer/Normal cases/Normal case (3).jpg,Normal,Normal cases,Normal case (3).jpg,LungCancerAI
datasets/lung_cancer/Normal cases/Normal case (30).jpg,Normal,Normal cases,Normal case (30).jpg,LungCancerAI
datasets/lung_cancer/Normal cases/Normal case (300).jpg,Normal,Normal cases,Normal case (300).jpg,LungCancerAI
datasets/lung_cancer/Normal cases/Normal case (301).jpg,Normal,Normal cases,Normal case (301).jpg,LungCancerAI
datasets/lung_cancer/Normal cases/Normal case (302).jpg,Normal,Normal cases,Normal case (302).jpg,LungCancerAI
datasets/lung_cancer/Normal cases/Normal case (303).jpg,Normal,Normal cases,Normal case (303).jpg,LungCancerAI
datasets/lung_cancer/Normal cases/Normal case (304).jpg,Normal,Normal cases,Normal case (304).jpg,LungCancerAI
datasets/lung_cancer/Normal cases/Normal case (305).jpg,Normal,Normal cases,Normal case (305).jpg,LungCancerAI
datasets/lung_cancer/Normal cases/Normal case (306).jpg,Normal,Normal cases,Normal case (306).jpg,LungCancerAI
datasets/lung_cancer/Normal cases/Normal case (307).jpg,Normal,Normal cases,Normal case (307).jpg,LungCancerAI
datasets/lung_cancer/Normal cases/Normal case (308).jpg,Normal,Normal cases,Normal case (308).jpg,LungCancerAI
datasets/lung_cancer/Normal cases/Normal case (309).jpg,Normal,Normal cases,Normal case (309).jpg,LungCancerAI
datasets/lung_cancer/Normal cases/Normal case (31).jpg,Normal,Normal cases,Normal case (31).jpg,LungCancerAI
datasets/lung_cancer/Normal cases/Normal case (310).jpg,Normal,Normal cases,Normal case (310).jpg,LungCancerAI
datasets/lung_cancer/Normal cases/Normal case (311).jpg,Normal,Normal cases,Normal case (311).jpg,LungCancerAI
datasets/lung_cancer/Normal cases/Normal case (312).jpg,Normal,Normal cases,Normal case (312).jpg,LungCancerAI
datasets/lung_cancer/Normal cases/Normal case (313).jpg,Normal,Normal cases,Normal case (313).jpg,LungCancerAI
datasets/lung_cancer/Normal cases/Normal case (314).jpg,Normal,Normal cases,Normal case (314).jpg,LungCancerAI
datasets/lung_cancer/Normal cases/Normal case (315).jpg,Normal,Normal cases,Normal case (315).jpg,LungCancerAI
datasets/lung_cancer/Normal cases/Normal case (316).jpg,Normal,Normal cases,Normal case (316).jpg,LungCancerAI
datasets/lung_cancer/Normal cases/Normal case (317).jpg,Normal,Normal cases,Normal case (317).jpg,LungCancerAI
datasets/lung_cancer/Normal cases/Normal case (318).jpg,Normal,Normal cases,Normal case (318).jpg,LungCancerAI
datasets/lung_cancer/Normal cases/Normal case (319).jpg,Normal,Normal cases,Normal case (319).jpg,LungCancerAI
datasets/lung_cancer/Normal cases/Normal case (32).jpg,Normal,Normal cases,Normal case (32).jpg,LungCancerAI
datasets/lung_cancer/Normal cases/Normal case (320).jpg,Normal,Normal cases,Normal case (320).jpg,LungCancerAI
datasets/lung_cancer/Normal cases/Normal case (321).jpg,Normal,Normal cases,Normal case (321).jpg,LungCancerAI
datasets/lung_cancer/Normal cases/Normal case (322).jpg,Normal,Normal cases,Normal case (322).jpg,LungCancerAI
datasets/lung_cancer/Normal cases/Normal case (323).jpg,Normal,Normal cases,Normal case (323).jpg,LungCancerAI
datasets/lung_cancer/Normal cases/Normal case (324).jpg,Normal,Normal cases,Normal case (324).jpg,LungCancerAI
datasets/lung_cancer/Normal cases/Normal case (325).jpg,Normal,Normal cases,Normal case (325).jpg,LungCancerAI
datasets/lung_cancer/Normal cases/Normal case (326).jpg,Normal,Normal cases,Normal case (326).jpg,LungCancerAI
datasets/lung_cancer/Normal cases/Normal case (327).jpg,Normal,Normal cases,Normal case (327).jpg,LungCancerAI
datasets/lung_cancer/Normal cases/Normal case (328).jpg,Normal,Normal cases,Normal case (328).jpg,LungCancerAI
datasets/lung_cancer/Normal cases/Normal case (329).jpg,Normal,Normal cases,Normal case (329).jpg,LungCancerAI
datasets/lung_cancer/Normal cases/Normal case (33).jpg,Normal,Normal cases,Normal case (33).jpg,LungCancerAI
datasets/lung_cancer/Normal cases/Normal case (330).jpg,Normal,Normal cases,Normal case (330).jpg,LungCancerAI
datasets/lung_cancer/Normal cases/Normal case (331).jpg,Normal,Normal cases,Normal case (331).jpg,LungCancerAI
datasets/lung_cancer/Normal cases/Normal case (332).jpg,Normal,Normal cases,Normal case (332).jpg,LungCancerAI
datasets/lung_cancer/Normal cases/Normal case (333).jpg,Normal,Normal cases,Normal case (333).jpg,LungCancerAI
datasets/lung_cancer/Normal cases/Normal case (334).jpg,Normal,Normal cases,Normal case (334).jpg,LungCancerAI
datasets/lung_cancer/Normal cases/Normal case (335).jpg,Normal,Normal cases,Normal case (335).jpg,LungCancerAI
datasets/lung_cancer/Normal cases/Normal case (336).jpg,Normal,Normal cases,Normal case (336).jpg,LungCancerAI
datasets/lung_cancer/Normal cases/Normal case (337).jpg,Normal,Normal cases,Normal case (337).jpg,LungCancerAI
datasets/lung_cancer/Normal cases/Normal case (338).jpg,Normal,Normal cases,Normal case (338).jpg,LungCancerAI
datasets/lung_cancer/Normal cases/Normal case (339).jpg,Normal,Normal cases,Normal case (339).jpg,LungCancerAI
datasets/lung_cancer/Normal cases/Normal case (34).jpg,Normal,Normal cases,Normal case (34).jpg,LungCancerAI
datasets/lung_cancer/Normal cases/Normal case (340).jpg,Normal,Normal cases,Normal case (340).jpg,LungCancerAI
datasets/lung_cancer/Normal cases/Normal case (341).jpg,Normal,Normal cases,Normal case (341).jpg,LungCancerAI
datasets/lung_cancer/Normal cases/Normal case (342).jpg,Normal,Normal cases,Normal case (342).jpg,LungCancerAI
datasets/lung_cancer/Normal cases/Normal case (343).jpg,Normal,Normal cases,Normal case (343).jpg,LungCancerAI
datasets/lung_cancer/Normal cases/Normal case (344).jpg,Normal,Normal cases,Normal case (344).jpg,LungCancerAI
datasets/lung_cancer/Normal cases/Normal case (345).jpg,Normal,Normal cases,Normal case (345).jpg,LungCancerAI
datasets/lung_cancer/Normal cases/Normal case (346).jpg,Normal,Normal cases,Normal case (346).jpg,LungCancerAI
datasets/lung_cancer/Normal cases/Normal case (347).jpg,Normal,Normal cases,Normal case (347).jpg,LungCancerAI
datasets/lung_cancer/Normal cases/Normal case (348).jpg,Normal,Normal cases,Normal case (348).jpg,LungCancerAI
datasets/lung_cancer/Normal cases/Normal case (349).jpg,Normal,Normal cases,Normal case (349).jpg,LungCancerAI
datasets/lung_cancer/Normal cases/Normal case (35).jpg,Normal,Normal cases,Normal case (35).jpg,LungCancerAI
datasets/lung_cancer/Normal cases/Normal case (350).jpg,Normal,Normal cases,Normal case (350).jpg,LungCancerAI
datasets/lung_cancer/Normal cases/Normal case (351).jpg,Normal,Normal cases,Normal case (351).jpg,LungCancerAI
datasets/lung_cancer/Normal cases/Normal case (352).jpg,Normal,Normal cases,Normal case (352).jpg,LungCancerAI
datasets/lung_cancer/Normal cases/Normal case (353).jpg,Normal,Normal cases,Normal case (353).jpg,LungCancerAI
datasets/lung_cancer/Normal cases/Normal case (354).jpg,Normal,Normal cases,Normal case (354).jpg,LungCancerAI
datasets/lung_cancer/Normal cases/Normal case (355).jpg,Normal,Normal cases,Normal case (355).jpg,LungCancerAI
datasets/lung_cancer/Normal cases/Normal case (356).jpg,Normal,Normal cases,Normal case (356).jpg,LungCancerAI
datasets/lung_cancer/Normal cases/Normal case (357).jpg,Normal,Normal cases,Normal case (357).jpg,LungCancerAI
datasets/lung_cancer/Normal cases/Normal case (358).jpg,Normal,Normal cases,Normal case (358).jpg,LungCancerAI
datasets/lung_cancer/Normal cases/Normal case (359).jpg,Normal,Normal cases,Normal case (359).jpg,LungCancerAI
datasets/lung_cancer/Normal cases/Normal case (36).jpg,Normal,Normal cases,Normal case (36).jpg,LungCancerAI
datasets/lung_cancer/Normal cases/Normal case (360).jpg,Normal,Normal cases,Normal case (360).jpg,LungCancerAI
datasets/lung_cancer/Normal cases/Normal case (361).jpg,Normal,Normal cases,Normal case (361).jpg,LungCancerAI
datasets/lung_cancer/Normal cases/Normal case (362).jpg,Normal,Normal cases,Normal case (362).jpg,LungCancerAI
datasets/lung_cancer/Normal cases/Normal case (363).jpg,Normal,Normal cases,Normal case (363).jpg,LungCancerAI
datasets/lung_cancer/Normal cases/Normal case (364).jpg,Normal,Normal cases,Normal case (364).jpg,LungCancerAI
datasets/lung_cancer/Normal cases/Normal case (365).jpg,Normal,Normal cases,Normal case (365).jpg,LungCancerAI
datasets/lung_cancer/Normal cases/Normal case (366).jpg,Normal,Normal cases,Normal case (366).jpg,LungCancerAI
datasets/lung_cancer/Normal cases/Normal case (367).jpg,Normal,Normal cases,Normal case (367).jpg,LungCancerAI
datasets/lung_cancer/Normal cases/Normal case (368).jpg,Normal,Normal cases,Normal case (368).jpg,LungCancerAI
datasets/lung_cancer/Normal cases/Normal case (369).jpg,Normal,Normal cases,Normal case (369).jpg,LungCancerAI
datasets/lung_cancer/Normal cases/Normal case (37).jpg,Normal,Normal cases,Normal case (37).jpg,LungCancerAI
datasets/lung_cancer/Normal cases/Normal case (370).jpg,Normal,Normal cases,Normal case (370).jpg,LungCancerAI
datasets/lung_cancer/Normal cases/Normal case (371).jpg,Normal,Normal cases,Normal case (371).jpg,LungCancerAI
datasets/lung_cancer/Normal cases/Normal case (372).jpg,Normal,Normal cases,Normal case (372).jpg,LungCancerAI
datasets/lung_cancer/Normal cases/Normal case (373).jpg,Normal,Normal cases,Normal case (373).jpg,LungCancerAI
datasets/lung_cancer/Normal cases/Normal case (374).jpg,Normal,Normal cases,Normal case (374).jpg,LungCancerAI
datasets/lung_cancer/Normal cases/Normal case (375).jpg,Normal,Normal cases,Normal case (375).jpg,LungCancerAI
datasets/lung_cancer/Normal cases/Normal case (376).jpg,Normal,Normal cases,Normal case (376).jpg,LungCancerAI
datasets/lung_cancer/Normal cases/Normal case (377).jpg,Normal,Normal cases,Normal case (377).jpg,LungCancerAI
datasets/lung_cancer/Normal cases/Normal case (378).jpg,Normal,Normal cases,Normal case (378).jpg,LungCancerAI
datasets/lung_cancer/Normal cases/Normal case (379).jpg,Normal,Normal cases,Normal case (379).jpg,LungCancerAI
datasets/lung_cancer/Normal cases/Normal case (38).jpg,Normal,Normal cases,Normal case (38).jpg,LungCancerAI
datasets/lung_cancer/Normal cases/Normal case (380).jpg,Normal,Normal cases,Normal case (380).jpg,LungCancerAI
datasets/lung_cancer/Normal cases/Normal case (381).jpg,Normal,Normal cases,Normal case (381).jpg,LungCancerAI
datasets/lung_cancer/Normal cases/Normal case (382).jpg,Normal,Normal cases,Normal case (382).jpg,LungCancerAI
datasets/lung_cancer/Normal cases/Normal case (383).jpg,Normal,Normal cases,Normal case (383).jpg,LungCancerAI
datasets/lung_cancer/Normal cases/Normal case (384).jpg,Normal,Normal cases,Normal case (384).jpg,LungCancerAI
datasets/lung_cancer/Normal cases/Normal case (385).jpg,Normal,Normal cases,Normal case (385).jpg,LungCancerAI
datasets/lung_cancer/Normal cases/Normal case (386).jpg,Normal,Normal cases,Normal case (386).jpg,LungCancerAI
datasets/lung_cancer/Normal cases/Normal case (387).jpg,Normal,Normal cases,Normal case (387).jpg,LungCancerAI
datasets/lung_cancer/Normal cases/Normal case (388).jpg,Normal,Normal cases,Normal case (388).jpg,LungCancerAI
datasets/lung_cancer/Normal cases/Normal case (389).jpg,Normal,Normal cases,Normal case (389).jpg,LungCancerAI
datasets/lung_cancer/Normal cases/Normal case (39).jpg,Normal,Normal cases,Normal case (39).jpg,LungCancerAI
datasets/lung_cancer/Normal cases/Normal case (390).jpg,Normal,Normal cases,Normal case (390).jpg,LungCancerAI
datasets/lung_cancer/Normal cases/Normal case (391).jpg,Normal,Normal cases,Normal case (391).jpg,LungCancerAI
datasets/lung_cancer/Normal cases/Normal case (392).jpg,Normal,Normal cases,Normal case (392).jpg,LungCancerAI
datasets/lung_cancer/Normal cases/Normal case (393).jpg,Normal,Normal cases,Normal case (393).jpg,LungCancerAI
datasets/lung_cancer/Normal cases/Normal case (394).jpg,Normal,Normal cases,Normal case (394).jpg,LungCancerAI
datasets/lung_cancer/Normal cases/Normal case (395).jpg,Normal,Normal cases,Normal case (395).jpg,LungCancerAI
datasets/lung_cancer/Normal cases/Normal case (396).jpg,Normal,Normal cases,Normal case (396).jpg,LungCancerAI
datasets/lung_cancer/Normal cases/Normal case (397).jpg,Normal,Normal cases,Normal case (397).jpg,LungCancerAI
datasets/lung_cancer/Normal cases/Normal case (398).jpg,Normal,Normal cases,Normal case (398).jpg,LungCancerAI
datasets/lung_cancer/Normal cases/Normal case (399).jpg,Normal,Normal cases,Normal case (399).jpg,LungCancerAI
datasets/lung_cancer/Normal cases/Normal case (4).jpg,Normal,Normal cases,Normal case (4).jpg,LungCancerAI
datasets/lung_cancer/Normal cases/Normal case (40).jpg,Normal,Normal cases,Normal case (40).jpg,LungCancerAI
datasets/lung_cancer/Normal cases/Normal case (400).jpg,Normal,Normal cases,Normal case (400).jpg,LungCancerAI
datasets/lung_cancer/Normal cases/Normal case (401).jpg,Normal,Normal cases,Normal case (401).jpg,LungCancerAI
datasets/lung_cancer/Normal cases/Normal case (402).jpg,Normal,Normal cases,Normal case (402).jpg,LungCancerAI
datasets/lung_cancer/Normal cases/Normal case (403).jpg,Normal,Normal cases,Normal case (403).jpg,LungCancerAI
datasets/lung_cancer/Normal cases/Normal case (404).jpg,Normal,Normal cases,Normal case (404).jpg,LungCancerAI
datasets/lung_cancer/Normal cases/Normal case (405).jpg,Normal,Normal cases,Normal case (405).jpg,LungCancerAI
datasets/lung_cancer/Normal cases/Normal case (406).jpg,Normal,Normal cases,Normal case (406).jpg,LungCancerAI
datasets/lung_cancer/Normal cases/Normal case (407).jpg,Normal,Normal cases,Normal case (407).jpg,LungCancerAI
datasets/lung_cancer/Normal cases/Normal case (408).jpg,Normal,Normal cases,Normal case (408).jpg,LungCancerAI
datasets/lung_cancer/Normal cases/Normal case (409).jpg,Normal,Normal cases,Normal case (409).jpg,LungCancerAI
datasets/lung_cancer/Normal cases/Normal case (41).jpg,Normal,Normal cases,Normal case (41).jpg,LungCancerAI
datasets/lung_cancer/Normal cases/Normal case (410).jpg,Normal,Normal cases,Normal case (410).jpg,LungCancerAI
datasets/lung_cancer/Normal cases/Normal case (411).jpg,Normal,Normal cases,Normal case (411).jpg,LungCancerAI
datasets/lung_cancer/Normal cases/Normal case (412).jpg,Normal,Normal cases,Normal case (412).jpg,LungCancerAI
datasets/lung_cancer/Normal cases/Normal case (413).jpg,Normal,Normal cases,Normal case (413).jpg,LungCancerAI
datasets/lung_cancer/Normal cases/Normal case (414).jpg,Normal,Normal cases,Normal case (414).jpg,LungCancerAI
datasets/lung_cancer/Normal cases/Normal case (415).jpg,Normal,Normal cases,Normal case (415).jpg,LungCancerAI
datasets/lung_cancer/Normal cases/Normal case (416).jpg,Normal,Normal cases,Normal case (416).jpg,LungCancerAI
datasets/lung_cancer/Normal cases/Normal case (42).jpg,Normal,Normal cases,Normal case (42).jpg,LungCancerAI
datasets/lung_cancer/Normal cases/Normal case (43).jpg,Normal,Normal cases,Normal case (43).jpg,LungCancerAI
datasets/lung_cancer/Normal cases/Normal case (44).jpg,Normal,Normal cases,Normal case (44).jpg,LungCancerAI
datasets/lung_cancer/Normal cases/Normal case (45).jpg,Normal,Normal cases,Normal case (45).jpg,LungCancerAI
datasets/lung_cancer/Normal cases/Normal case (46).jpg,Normal,Normal cases,Normal case (46).jpg,LungCancerAI
datasets/lung_cancer/Normal cases/Normal case (47).jpg,Normal,Normal cases,Normal case (47).jpg,LungCancerAI
datasets/lung_cancer/Normal cases/Normal case (48).jpg,Normal,Normal cases,Normal case (48).jpg,LungCancerAI
datasets/lung_cancer/Normal cases/Normal case (49).jpg,Normal,Normal cases,Normal case (49).jpg,LungCancerAI
datasets/lung_cancer/Normal cases/Normal case (5).jpg,Normal,Normal cases,Normal case (5).jpg,LungCancerAI
datasets/lung_cancer/Normal cases/Normal case (50).jpg,Normal,Normal cases,Normal case (50).jpg,LungCancerAI
datasets/lung_cancer/Normal cases/Normal case (51).jpg,Normal,Normal cases,Normal case (51).jpg,LungCancerAI
datasets/lung_cancer/Normal cases/Normal case (52).jpg,Normal,Normal cases,Normal case (52).jpg,LungCancerAI
datasets/lung_cancer/Normal cases/Normal case (53).jpg,Normal,Normal cases,Normal case (53).jpg,LungCancerAI
datasets/lung_cancer/Normal cases/Normal case (54).jpg,Normal,Normal cases,Normal case (54).jpg,LungCancerAI
datasets/lung_cancer/Normal cases/Normal case (55).jpg,Normal,Normal cases,Normal case (55).jpg,LungCancerAI
datasets/lung_cancer/Normal cases/Normal case (56).jpg,Normal,Normal cases,Normal case (56).jpg,LungCancerAI
datasets/lung_cancer/Normal cases/Normal case (57).jpg,Normal,Normal cases,Normal case (57).jpg,LungCancerAI
datasets/lung_cancer/Normal cases/Normal case (58).jpg,Normal,Normal cases,Normal case (58).jpg,LungCancerAI
datasets/lung_cancer/Normal cases/Normal case (59).jpg,Normal,Normal cases,Normal case (59).jpg,LungCancerAI
datasets/lung_cancer/Normal cases/Normal case (6).jpg,Normal,Normal cases,Normal case (6).jpg,LungCancerAI
datasets/lung_cancer/Normal cases/Normal case (60).jpg,Normal,Normal cases,Normal case (60).jpg,LungCancerAI
datasets/lung_cancer/Normal cases/Normal case (61).jpg,Normal,Normal cases,Normal case (61).jpg,LungCancerAI
datasets/lung_cancer/Normal cases/Normal case (62).jpg,Normal,Normal cases,Normal case (62).jpg,LungCancerAI
datasets/lung_cancer/Normal cases/Normal case (63).jpg,Normal,Normal cases,Normal case (63).jpg,LungCancerAI
datasets/lung_cancer/Normal cases/Normal case (64).jpg,Normal,Normal cases,Normal case (64).jpg,LungCancerAI
datasets/lung_cancer/Normal cases/Normal case (65).jpg,Normal,Normal cases,Normal case (65).jpg,LungCancerAI
datasets/lung_cancer/Normal cases/Normal case (66).jpg,Normal,Normal cases,Normal case (66).jpg,LungCancerAI
datasets/lung_cancer/Normal cases/Normal case (67).jpg,Normal,Normal cases,Normal case (67).jpg,LungCancerAI
datasets/lung_cancer/Normal cases/Normal case (68).jpg,Normal,Normal cases,Normal case (68).jpg,LungCancerAI
datasets/lung_cancer/Normal cases/Normal case (69).jpg,Normal,Normal cases,Normal case (69).jpg,LungCancerAI
datasets/lung_cancer/Normal cases/Normal case (7).jpg,Normal,Normal cases,Normal case (7).jpg,LungCancerAI
datasets/lung_cancer/Normal cases/Normal case (70).jpg,Normal,Normal cases,Normal case (70).jpg,LungCancerAI
datasets/lung_cancer/Normal cases/Normal case (71).jpg,Normal,Normal cases,Normal case (71).jpg,LungCancerAI
datasets/lung_cancer/Normal cases/Normal case (72).jpg,Normal,Normal cases,Normal case (72).jpg,LungCancerAI
datasets/lung_cancer/Normal cases/Normal case (73).jpg,Normal,Normal cases,Normal case (73).jpg,LungCancerAI
datasets/lung_cancer/Normal cases/Normal case (74).jpg,Normal,Normal cases,Normal case (74).jpg,LungCancerAI
datasets/lung_cancer/Normal cases/Normal case (75).jpg,Normal,Normal cases,Normal case (75).jpg,LungCancerAI
datasets/lung_cancer/Normal cases/Normal case (76).jpg,Normal,Normal cases,Normal case (76).jpg,LungCancerAI
datasets/lung_cancer/Normal cases/Normal case (77).jpg,Normal,Normal cases,Normal case (77).jpg,LungCancerAI
datasets/lung_cancer/Normal cases/Normal case (78).jpg,Normal,Normal cases,Normal case (78).jpg,LungCancerAI
datasets/lung_cancer/Normal cases/Normal case (79).jpg,Normal,Normal cases,Normal case (79).jpg,LungCancerAI
datasets/lung_cancer/Normal cases/Normal case (8).jpg,Normal,Normal cases,Normal case (8).jpg,LungCancerAI
datasets/lung_cancer/Normal cases/Normal case (80).jpg,Normal,Normal cases,Normal case (80).jpg,LungCancerAI
datasets/lung_cancer/Normal cases/Normal case (81).jpg,Normal,Normal cases,Normal case (81).jpg,LungCancerAI
datasets/lung_cancer/Normal cases/Normal case (82).jpg,Normal,Normal cases,Normal case (82).jpg,LungCancerAI
datasets/lung_cancer/Normal cases/Normal case (83).jpg,Normal,Normal cases,Normal case (83).jpg,LungCancerAI
datasets/lung_cancer/Normal cases/Normal case (84).jpg,Normal,Normal cases,Normal case (84).jpg,LungCancerAI
datasets/lung_cancer/Normal cases/Normal case (85).jpg,Normal,Normal cases,Normal case (85).jpg,LungCancerAI
datasets/lung_cancer/Normal cases/Normal case (86).jpg,Normal,Normal cases,Normal case (86).jpg,LungCancerAI
datasets/lung_cancer/Normal cases/Normal case (87).jpg,Normal,Normal cases,Normal case (87).jpg,LungCancerAI
datasets/lung_cancer/Normal cases/Normal case (88).jpg,Normal,Normal cases,Normal case (88).jpg,LungCancerAI
datasets/lung_cancer/Normal cases/Normal case (89).jpg,Normal,Normal cases,Normal case (89).jpg,LungCancerAI
datasets/lung_cancer/Normal cases/Normal case (9).jpg,Normal,Normal cases,Normal case (9).jpg,LungCancerAI
datasets/lung_cancer/Normal cases/Normal case (90).jpg,Normal,Normal cases,Normal case (90).jpg,LungCancerAI
datasets/lung_cancer/Normal cases/Normal case (91).jpg,Normal,Normal cases,Normal case (91).jpg,LungCancerAI
datasets/lung_cancer/Normal cases/Normal case (92).jpg,Normal,Normal cases,Normal case (92).jpg,LungCancerAI
datasets/lung_cancer/Normal cases/Normal case (93).jpg,Normal,Normal cases,Normal case (93).jpg,LungCancerAI
datasets/lung_cancer/Normal cases/Normal case (94).jpg,Normal,Normal cases,Normal case (94).jpg,LungCancerAI
datasets/lung_cancer/Normal cases/Normal case (95).jpg,Normal,Normal cases,Normal case (95).jpg,LungCancerAI
datasets/lung_cancer/Normal cases/Normal case (96).jpg,Normal,Normal cases,Normal case (96).jpg,LungCancerAI
datasets/lung_cancer/Normal cases/Normal case (97).jpg,Normal,Normal cases,Normal case (97).jpg,LungCancerAI
datasets/lung_cancer/Normal cases/Normal case (98).jpg,Normal,Normal cases,Normal case (98).jpg,LungCancerAI
datasets/lung_cancer/Normal cases/Normal case (99).jpg,Normal,Normal cases,Normal case (99).jpg,LungCancerAI

